Country_Year,Happiness,GDP,Family,Health,Freedom,Generosity,Trust_gov
Switzerland_2015,1.0,0.826131967203417,0.9624027442003096,0.9182443306510606,0.9937885416511132,0.7605950245511044,0.372895411368548
Iceland_2015,0.9945240101095196,0.7704120869369743,1.0,0.9244964642770056,0.9388410254878832,0.25629178670435393,0.5481982208373122
Denmark_2015,0.987363100252738,0.7841128240318974,0.9702973121385222,0.8530992440868079,0.9696146208173444,0.8761754633907702,0.4289465748605318
Norway_2015,0.9863100252737992,0.8630991114634233,0.949166684495411,0.8634089246525238,1.0,0.6613940678733852,0.43598281147911744
Canada_2015,0.9663016006739681,0.7845919948888441,0.9432190154254296,0.8833260180443794,0.9451122093978169,0.5971444619593774,0.575601849525054
Finland_2015,0.961878685762426,0.7632718495995078,0.9401168139320941,0.8672128749085589,0.9581323817060604,0.7496149734558171,0.2933985022867769
Netherlands_2015,0.9559814658803704,0.7864554371103039,0.9129529392467712,0.8708510119483053,0.91941528675735,0.5764345636063851,0.5982057596622606
Sweden_2015,0.9530328559393428,0.7877982986476734,0.9192999721871592,0.8884369665935139,0.985173129470085,0.7944048848544145,0.4556214504699201
New Zealand_2015,0.9366048862679024,0.7395676814046213,0.941122355105796,0.8859985369422093,0.9546832305555971,0.7776992625609248,0.596836206463286
Australia_2015,0.9361836562763268,0.7889045326013653,0.9336770715217904,0.9086174103877104,0.9723918594060292,0.6457031037669184,0.5473438206764839
Israel_2015,0.9349199663016003,0.7267838761964484,0.8728453962616691,0.8913630821750793,0.6169501142251353,0.1410556068924281,0.41679650198522383
Costa Rica_2015,0.9239679865206402,0.5654097798180333,0.8827938355334004,0.8390831504511096,0.9462917892284951,0.19175227845119674,0.3203623661858571
Austria_2015,0.91849199663016,0.7910637593024218,0.9249837758427648,0.8684906120458425,0.9322114882116674,0.3383885053722527,0.415741066492436
Mexico_2015,0.91575400168492,0.6037197856154092,0.6521825948667479,0.7943818580833942,0.7194093142012452,0.38614991574713264,0.17683570387495606
United States_2015,0.901432181971356,0.8249488292850298,0.8893762078974206,0.8405657156791027,0.8153136338524479,0.2879092605678462,0.5039076242649646
Brazil_2015,0.872788542544229,0.5804711255191017,0.8792209551928002,0.6798536942209217,0.7323697609484419,0.3174611802648983,0.18311805799869327
Luxembourg_2015,0.8649957877000842,0.9251606109724212,0.8697788522567625,0.8963082175079249,0.919519806489182,0.6848580384482977,0.3522390310097
Ireland_2015,0.8637320977253579,0.790312466724246,0.9766443450789102,0.8732796878810046,0.922416496199961,0.5200666775380044,0.5767326732673268
Belgium_2015,0.863100252737995,0.7736657162125389,0.9168681314762914,0.8745866861741041,0.872739760799128,0.4083999202768567,0.27956475850630746
United Arab Emirates_2015,0.8555181128896374,0.8443286283882112,0.8028283519821999,0.7893196781272861,0.9579532050229196,0.6990813719628199,0.3320601095642559
United Kingdom_2015,0.8483572030328559,0.7491451828539653,0.9167397645179464,0.8870324311143624,0.8902841443566809,0.5810186443441865,0.652259134542896
Oman_2015,0.8454085930918278,0.8045988570887708,0.771499682648353,0.7439746403316264,0.9447687874217968,0.5892989799061441,0.2706689450670955
Singapore_2015,0.8338247683235043,0.9002851362383313,0.7274127639545582,1.0,0.8100577844803131,0.8916308818466778,0.3908252500376941
Panama_2015,0.8312973883740521,0.6291513351711409,0.8547099976466058,0.7769909778102903,0.8094306660893196,0.167962167744741,0.30700608131879176
Germany_2015,0.8237152485256949,0.7855562522923297,0.9266454148035632,0.8698951475249939,0.9179370791214368,0.3957710496276567,0.3545006784942453
Chile_2015,0.8068660488626789,0.6549555731711646,0.8019155202784138,0.8374250182882225,0.6589521150314305,0.2331720751571814,0.4191963612604915
Qatar_2015,0.7944397641112046,1.0,0.7692033403935161,0.7776932455498659,0.9562062323622952,0.9459513326448152,0.40927024174498666
France_2015,0.7868576242628473,0.7558949846783639,0.8988397053265156,0.9224969519629358,0.8213907096889791,0.3740827308800348,0.15494798210785546
Argentina_2015,0.7866470092670597,0.6232238142000213,0.8901749356382335,0.7678419897585954,0.6715243456318217,0.15372071533402185,0.1438784741418304
Czech Republic_2015,0.7721145745577083,0.6974479715100389,0.8603652753114681,0.8240234089246525,0.6922789780956503,0.04805131271402946,0.13426647233251246
Uruguay_2015,0.7679022746419544,0.6280451012174489,0.8621267552398678,0.7916118019995123,0.9012885789795886,0.4449638528020873,0.29200381967130723
Colombia_2015,0.7662173546756528,0.5434211616048082,0.884434080001141,0.6737576200926604,0.7983217117345796,0.09276874852783967,0.2312031964617781
Thailand_2015,0.7615838247683233,0.5719880266442658,0.9021629832481121,0.7203121189953671,0.8311409075298999,0.05774492217934081,0.7241041363019551
Saudi Arabia_2015,0.7523167649536646,0.825481241348304,0.7730044286600628,0.7025115825408437,0.4635898048467293,0.5892989799061441,0.1722118912398854
Spain_2015,0.735046335299073,0.7276948923936063,0.9369290344665284,0.9320848573518654,0.6861123139175489,0.1159246978674059,0.2290169372267176
Malta_2015,0.7293597304128053,0.7142603613303202,0.9285423931879936,0.8653596683735675,0.901333373150374,0.2461633237303183,0.6502487812233
Kuwait_2015,0.7278854254422913,0.9194283077578354,0.8314898411815466,0.7070665691294806,0.8286772281367117,0.46400681270497,0.2039000854400161
Suriname_2015,0.7224094355518111,0.5888122478437311,0.6931815750625789,0.5932211655693733,0.8907619488450568,0.24701491185157,0.21348695783283908
Trinidad and Tobago_2015,0.7011373209772532,0.7168810118195478,0.8440412771086057,0.5996878810046329,0.8344258133874844,0.020655541664401804,0.4001105694325778
El Salvador_2015,0.6931339511373208,0.4522781320618545,0.7310284332812735,0.6606876371616679,0.6024815970615024,0.21336812161403124,0.1343418605819973
Guatemala_2015,0.6916596461668068,0.4410324061475847,0.7442145725023713,0.6283833211411851,0.8620339539814552,0.1716221847765034,0.3453912650148264
Uzbekistan_2015,0.6663858466722827,0.37413187255238345,0.9559273443015768,0.5829992684711046,0.9827990384184672,0.5585330941639035,0.286940242247575
Slovakia_2015,0.6647009267059814,0.6914908720909597,0.9056930746025972,0.7695879053889295,0.4740865722007376,0.0621659328513707,0.2122556164245866
Japan_2015,0.6630160067396798,0.7517303392056411,0.8965148370809355,0.9667008046817851,0.7408209278365908,0.327227265314997,0.13450520178921446
South Korea_2015,0.6623841617523166,0.7362726423019131,0.6830120593625868,0.9416044867105584,0.4958416078121034,0.14236016741860086,0.23316329094838414
Ecuador_2015,0.6604886267902272,0.5111274121224312,0.7124580133073747,0.7712752987076322,0.7252773505741118,0.3277708322009023,0.1450092978841031
Bahrain_2015,0.6573294018534118,0.7830953254220845,0.8673612745412664,0.728758839307486,0.6792588057874068,0.5544382236234169,0.21814846459265214
Italy_2015,0.6548020219039593,0.7401355876054471,0.8541893983155403,0.9309534259936602,0.39173995490720137,0.052562917867043535,0.2867643363321104
Bolivia_2015,0.6425863521482728,0.4030536789673572,0.6977528650791953,0.5259205071933675,0.8572708404879578,0.15944628653222448,0.2580288485701362
Moldova_2015,0.642375737152485,0.3516759148613954,0.7240466970468469,0.6030334064862231,0.4900183656100219,0.029262017357902563,0.2632432024928381
Paraguay_2015,0.6400589721988202,0.4495036736432366,0.9304964235539106,0.6447012923677152,0.8047870037179161,0.1493359424543857,0.4302156103935266
Kazakhstan_2015,0.6352148272957034,0.6640598194531535,0.8004464317551331,0.6278273591806877,0.7711913756289848,0.15317714844811656,0.14860280444288082
Slovenia_2015,0.6337405223251894,0.7009973852652003,0.9084458327093272,0.8518605218239454,0.9086497543786302,0.06861625989744705,0.31823893049203394
Lithuania_2015,0.6305812973883738,0.6786656570556429,0.8967501765045678,0.7132699341623995,0.3186657309662102,0.018680581978945843,0.033183394481580135
Nicaragua_2015,0.6295282224094353,0.3509482850415873,0.8143029317586987,0.7248378444281882,0.8283188747704298,0.35000271783442954,0.34948735990350305
Peru_2015,0.6286857624262846,0.5325244613764626,0.6950286329632086,0.7121872713972202,0.6195929703014648,0.10851406932289684,0.18824445896366288
Belarus_2015,0.6263689974726199,0.6104518403710322,0.8792352181881719,0.7179517190929042,0.566467083750168,0.34588972839774595,0.13878976730160325
Poland_2015,0.6217354675652906,0.6658404420203263,0.9124608659064491,0.7598439405023165,0.7931853134845386,0.0763167907811056,0.21057194551942504
Malaysia_2015,0.6173125526537487,0.6654322594384827,0.7632342768304773,0.7061107047061691,0.7917220372388871,0.19026652896305554,0.4155777252852189
Croatia_2015,0.614995787700084,0.6403970610854107,0.5678383717364484,0.7686417946842234,0.3864691741448046,0.04402891775833016,0.06840227169925113
Libya_2015,0.6139427127211455,0.6693306988795684,0.7977435941322039,0.6864667154352597,0.6221611694264852,0.199724592777808,0.2298713373875459
Russia_2015,0.6059393428812131,0.6729925107369766,0.8815743494291237,0.6527773713728361,0.5476684634106281,0.054447283071515286,0.0025003769412474237
Jamaica_2015,0.6044650379106989,0.4793956531512879,0.8208496466342898,0.670480370641307,0.7531691875830557,0.04165534235654364,0.2667487560938835
Cyprus_2015,0.6002527379949452,0.7146922066705316,0.6369711103028748,0.9008144355035358,0.6072895047257849,0.1113587360258013,0.3849575312861236
Algeria_2015,0.5825610783487783,0.5556548076809313,0.7685757685971631,0.6024481833699098,0.4267242022904752,0.3149607725897338,0.09828114791174547
Turkmenistan_2015,0.5705560235888792,0.5670011003182641,0.874806558125272,0.5255888807607899,0.7108834903617876,0.5588592342954467,0.21333618133386945
Mauritius_2015,0.5556023588879527,0.5960707989730364,0.7026022835055591,0.6920263350402341,0.8371433264151226,0.13627221829646138,0.4742423480926773
Hong Kong_2015,0.5549705139005896,0.8199382402006601,0.7546408221190533,0.9883247988295536,0.8900303107222314,0.6726459024116251,0.4960295521937981
Estonia_2015,0.5454928390901429,0.681333633061606,0.8756837323406291,0.7545574250182883,0.6702402460693114,0.2751173198528746,0.1090616675880786
Indonesia_2015,0.5391743892165121,0.4899788218312609,0.7752508504310991,0.6222189709826872,0.6959670314903019,0.0,0.647522239533598
Vietnam_2015,0.5309604043807918,0.3739662332438092,0.6505780078874366,0.7283686905632774,0.8875815627193047,0.18917939519124494,0.21184098105241994
Turkey_2015,0.5250631844987363,0.6276428343251973,0.6748678890053701,0.713699097781029,0.340659668821764,0.2853001395155007,0.15395537015630498
Kyrgyzstan_2015,0.5153748946925021,0.2805693259663279,0.8209423561042054,0.6348500365764448,0.649172054409986,0.07667916870504247,0.3773181886716591
Nigeria_2015,0.5115838247683233,0.3870931484483146,0.6449155987248884,0.15612777371372838,0.5126543532468308,0.07301915167328006,0.3421746997034729
Bhutan_2015,0.5084245998315077,0.4557565575419126,0.7872816870270927,0.5599317239697634,0.7944395502665254,0.27984635176025074,0.6030808664622808
Azerbaijan_2015,0.4997893850042123,0.6057015416287076,0.6688845624469595,0.6246769080712021,0.5529093813925015,0.2910800674022938,0.09799215962205356
Pakistan_2015,0.4959983150800336,0.3522379053726293,0.29532245066786483,0.5019848817361621,0.18069968494766547,0.1895961298037724,0.4230662914007137
Jordan_2015,0.4955770850884582,0.533583369813419,0.7516028041048901,0.6792392099487929,0.6071252594329057,0.25897338334148684,0.13887772025933556
Montenegro_2015,0.4955770850884582,0.5764129624590338,0.6458070359356171,0.7073494269690319,0.2726471861795052,0.2590277400300774,0.2027943911142383
China_2015,0.4846251053074977,0.5265673619573834,0.6751745434058607,0.7964691538649109,0.7719080823615485,0.050388650323422296,0.10284213700557872
Zambia_2015,0.4823083403538329,0.2782622070254729,0.6533307659941665,0.29187027554255063,0.7290549923103339,0.2259063977822471,0.2461551992762728
Romania_2015,0.4812552653748945,0.6172726304705339,0.6317651169922195,0.7499634235552305,0.5236139936989532,0.011759163631751557,0.17273960898627932
Serbia_2015,0.4810446503791068,0.5445569740064599,0.7200245323520392,0.7299292855401122,0.3002254639929524,0.04741715134713993,0.241631904307182
Portugal_2015,0.4766217354675653,0.6861667514582175,0.8125271888349274,0.8536356986100949,0.7685037253818702,0.01953217010019749,0.17237523244710254
Latvia_2015,0.4757792754844144,0.6584872398575502,0.7813411494547972,0.7065301146061935,0.4430292804563032,0.11472885071841425,0.2290043725184701
Philippines_2015,0.47051390058972203,0.417245418298411,0.7382241144462751,0.5668276030236528,0.9338838039209828,0.22248192640104367,0.31400462381263505
Morocco_2015,0.4578770008424599,0.4346789555258456,0.4570933441732098,0.5945281638624725,0.6225045914025056,0.15484408689822618,0.09011408755088708
North Macedonia_2015,0.4566133108677336,0.543362004708889,0.7148042760460126,0.7173372348207755,0.4995595239872784,0.09651936004058634,0.2809343117052822
Mozambique_2015,0.4490311710193765,0.049147549129802064,0.731877081505887,0.08906120458424775,0.5082197303390918,0.28270913735935205,0.2798034879630095
Albania_2015,0.446503791069924,0.519793897374617,0.5736148848619699,0.7932211655693734,0.5335433682230153,0.11619648131035855,0.17932351610795602
Bosnia and Herzegovina_2015,0.4443976411120471,0.4923214349096674,0.6554987412906585,0.7713338210192636,0.13804070296985352,0.0041129894366835175,0.3117052822033473
Lesotho_2015,0.4336562763268743,0.22210456572922704,0.7424103035878565,0.07424530602292125,0.4743254744449256,0.2265586780453335,0.205910438759612
Dominican Republic_2015,0.43091828138163424,0.5296730989931497,0.8358257917745306,0.6517922457937089,0.8611231391754886,0.2579043684658731,0.2724531336382369
Laos_2015,0.4290227464195451,0.349416121437276,0.5263259237072377,0.5355669348939283,0.8897764770877816,0.4393651138772626,0.5301301703774438
Mongolia_2015,0.4286015164279695,0.4899314963145254,0.92752258901892,0.5878371128992929,0.6513968315589864,0.04830497726078528,0.4175252550635774
Swaziland_2015,0.4271272114574557,0.4212325930833757,0.7650955977264786,0.0737966349670812,0.4577665626446478,0.05544382236234168,0.2294190078906368
Greece_2015,0.4250210614995788,0.6827060730469351,0.6627514744371465,0.8604047793221166,0.11495677362519224,0.025312097986990627,0.0
Lebanon_2015,0.42122999157540003,0.6067367873072963,0.5705269463640059,0.8187954157522556,0.5064130321174204,0.08302078237393777,0.2745891340403076
Hungary_2015,0.41301600673967975,0.6631133091184439,0.8573129943019334,0.7403560107290905,0.4794768040852283,0.04997191571089489,0.16082826556767352
Honduras_2015,0.4104886267902274,0.352172832787118,0.6799740413484235,0.6779809802487199,0.5994654562286295,0.12366146654345818,0.2893275368145951
Tajikistan_2015,0.4100673967986521,0.2309899314963145,0.6101923364925868,0.5596586198488173,0.7050005225986592,0.2730880034788281,0.28866160727747897
Tunisia_2015,0.4001684919966301,0.5212491570142331,0.4309492736569607,0.7197561570348695,0.39221775939557735,0.11519994201953215,0.08080363873950848
Palestinian Territories_2015,0.3951137320977253,0.3541545888004165,0.6600771628049606,0.6438917337234821,0.3658041300225464,0.23382435542026775,0.1413655324923355
Bangladesh_2015,0.3906908171861835,0.23516640834822114,0.30741033924534494,0.5868227261643502,0.6094993504845235,0.2277364062981283,0.2666482384279037
Iran_2015,0.3890058972198819,0.5967747660344765,0.3882886545003317,0.6808583272372591,0.44843444373105584,0.10623108840209453,0.4785394783133135
Ukraine_2015,0.38795282224094346,0.4727050082228085,0.8577622786561406,0.6573030968056572,0.3751213175458767,0.05365005163885416,0.19192591848017287
Iraq_2015,0.3871103622577926,0.5829852935956744,0.5839912139948511,0.5875347476225311,0.0,0.2498233407620808,0.2251847012112379
South Africa_2015,0.3797388374052231,0.5445333112480921,0.8448542678447901,0.2700609607412826,0.4958266764218416,0.16096827381275933,0.1504372518470121
Ghana_2015,0.37784330244313385,0.3227481927568297,0.4846137937428239,0.3914362350646183,0.6322249264629028,0.07890779293725426,0.2900814193094436
Zimbabwe_2015,0.3729991575400168,0.16031518794145835,0.7365125550016759,0.3265057303096805,0.3861406835590462,0.14638256237430014,0.23856611549479825
Liberia_2015,0.3647851727042966,0.04211970989458241,0.5631601092545446,0.33358693001706896,0.4260074955579114,0.11291696109872988,0.3061014223249736
India_2015,0.3635214827295704,0.3815560629902627,0.27223779265883635,0.5025993660082906,0.5940602929538769,0.15386566650359662,0.3326506508518872
Sudan_2015,0.3603622577927547,0.3082488375669952,0.7231623913338041,0.35969763472323824,0.15052334522867422,0.2656230182457285,0.2395084686133588
Haiti_2015,0.3536225779275483,0.15778918848570178,0.5298845410524665,0.37890270665691295,0.36469920714317705,0.3111920421807904,0.5803261798261045
Congo (Kinshasa)_2015,0.3534119629317605,0.0,0.7140055483051997,0.09564496464277006,0.33752407686679703,0.13815658350093313,0.31203196461778154
Nepal_2015,0.35278011794439745,0.21294707824091053,0.6165108434422314,0.554732991953182,0.5716034820002089,0.10702831983475568,0.4057898175604362
Ethiopia_2015,0.35235888795282205,0.1128299475869902,0.4307852492101867,0.4297000731528896,0.6487689068729189,0.2726531499701038,0.30563652811981706
Sierra Leone_2015,0.3513058129738836,0.19535973308408566,0.6815643653323635,0.0,0.6097979782897585,0.15919262198546866,0.26999045082173195
Mauritania_2015,0.3363521482729569,0.2686137173010257,0.6197842008800268,0.34990490124359913,0.3618174488226598,0.3163740464930876,0.2751671106196913
Kenya_2015,0.332771693344566,0.21575111510748807,0.7122654628698574,0.4041453304072177,0.630328639899661,0.10579623489337027,0.4717042770266874
Djibouti_2015,0.322240943555181,0.2604382342849706,0.4222345834848777,0.35397220190197515,0.6879488749197437,0.5092315776122919,0.22733326632155604
Armenia_2015,0.3182392586352147,0.4544491901420949,0.5541958166634576,0.7119239209948793,0.2963433025248981,0.07066369516769039,0.09869578328391214
Botswana_2015,0.3144481887110361,0.5877533394067747,0.7877737603674149,0.04658376005852232,0.7390291610051811,0.22601511115942816,0.13143941297683068
Myanmar_2015,0.30918281381634355,0.16036251345819386,0.5056588434137054,0.4705779078273593,0.6572350051513296,0.3448750702107228,1.0
Georgia_2015,0.3070766638584666,0.438885010825712,0.27500481376093794,0.7112996830041454,0.605871022650919,0.6945154101212154,0.06969643664874102
Malawi_2015,0.3060235888795281,0.009488766105464915,0.29334702580889016,0.2200633991709339,0.6428560763292669,0.12641553876537842,0.4162436548223351
Sri Lanka_2015,0.30160067396798645,0.4941020574768401,0.7267352716744044,0.6906217995610827,0.802203873202634,0.1663133481908282,0.5129919083278887
Cameroon_2015,0.2975989890480201,0.2499378852592847,0.6330416550779829,0.2282565227993172,0.7362519224164961,0.10483593339493756,0.25905915464642915
Bulgaria_2015,0.2904380791912384,0.598762437737367,0.7888434850202891,0.7476127773713729,0.4567064339360637,0.015799677483647696,0.14978388701814346
Egypt_2015,0.2853833192923336,0.5216455082168928,0.5327228771314264,0.601921482565228,0.2581338748450868,0.11458389954883948,0.1418681208222345
Yemen_2015,0.2607413647851726,0.3232865205096957,0.4856050719211542,0.3907729821994636,0.5311244830006121,0.14230581073001033,0.1147283510076896
Angola_2015,0.25147430497051393,0.4482791258977059,0.6135940608887274,0.1627212874908559,0.15504755647798368,0.12904277871392075,0.15509875860682515
Mali_2015,0.2434709351305813,0.15424569042013228,0.7382954294231333,0.20076079005120706,0.5801890314007137,0.22380460582341324,0.23619138563602554
Congo (Brazzaville)_2015,0.242207245155855,0.4014741898463104,0.4727469815936046,0.3028627164106316,0.6191450285936123,0.2117374209563153,0.15565160576971399
Comoros_2015,0.23525695029486104,0.1414204753848156,0.5653352160487225,0.35420629114850033,0.3421826706284622,0.36056603431718937,0.21914107654420265
Uganda_2015,0.2299915754001685,0.1248328817690278,0.80799155630674,0.3302706656912948,0.6827676824989174,0.13167001866246308,0.3652058099210936
Senegal_2015,0.22430497051390053,0.21591083872647035,0.6961696725929413,0.4246769080712022,0.5490570827049706,0.1941077349567864,0.2618862140021109
Gabon_2015,0.222620050547599,0.6272050732953941,0.6456002225027279,0.4230382833455255,0.4765203888134024,0.20095667771919332,0.08571643966427099
Niger_2015,0.21187868576242627,0.04105488576803398,0.5510151686955778,0.28975371860521826,0.7121078643632508,0.28336141762243844,0.24359199879378798
Cambodia_2015,0.20640269587194604,0.2723465174335372,0.44740163881816825,0.5960887588393075,0.9891448792797096,0.13130764073852622,0.5070990601598231
Tanzania_2015,0.19839932603201346,0.16871546716200708,0.7150610099627024,0.37273835649841497,0.4909142490257268,0.10412929644326067,0.4319369754234306
Madagascar_2015,0.17733782645324345,0.12318832006246967,0.4763911769110632,0.4557034869544014,0.2864437907813597,0.1471979127031581,0.2680429210433734
Central African Republic_2015,0.17670598146588032,0.046438163296695485,0.0,0.06534016093635699,0.7298314246039448,0.1501875305756373,0.2994798210785545
Chad_2015,0.1743892165122156,0.20227517421705848,0.5424359769795255,0.1464033162643258,0.3509026025413226,0.0954684640611694,0.23101472583806604
Guinea_2015,0.17207245155855094,0.10303356562274464,0.33143635494890283,0.2341770299926847,0.5632866976244157,0.2199452809334856,0.3600668442478765
Ivory Coast_2015,0.1718618365627632,0.2752806994711373,0.5499454440427035,0.14811021702023894,0.6997745360070476,0.3247268576398326,0.2533673418103232
Burkina Faso_2015,0.15754001684919958,0.1526957797470451,0.607518024860401,0.2645696171665448,0.5896853956071849,0.23250167599789826,0.27324471025782776
Afghanistan_2015,0.15501263689974726,0.18919558452928856,0.2159774074153313,0.2958790538892953,0.3496035715885506,0.1760975521371238,0.4587374981152938
Rwanda_2015,0.1318449873631002,0.13137563445770875,0.5517639759525899,0.4180833942940746,0.8839532348857002,1.0,0.28431421822385283
Benin_2015,0.1055181128896377,0.16957324215283776,0.2523551771107451,0.311241160692514,0.7234258581816552,0.14513235853671794,0.22943157259888425
Burundi_2015,0.013900589721988169,0.009051005075661669,0.2965775942605707,0.21844428188246767,0.17693697460170515,0.1823123335326412,0.2478639995979293
Togo_2015,0.0,0.12344861040451485,0.09980531011317686,0.2774250182882224,0.5442939692114733,0.1944338750883296,0.20959189827612199
Denmark_2016,1.0,0.7903325713847181,0.9835032030153982,0.8344511267147369,0.9522252169339996,0.8798915302547455,0.44126581351941535
Switzerland_2016,0.9963211426098244,0.8372280419016921,0.9678684312830654,0.9058114760120488,0.9623488035761242,0.8155618455691692,0.34259677202913225
Iceland_2016,0.9945899156026832,0.7820443245791467,1.0,0.9103246323876696,0.930581120168288,0.2964113932820015,0.5816447280135658
Norway_2016,0.9939407054750052,0.8646965635569296,0.9523688791981476,0.8352383051523452,0.979637785958454,0.7081411690188237,0.4622976418489466
Finland_2016,0.9755464185241288,0.7707082833133253,0.9589101296418368,0.8511078224545272,0.9384696292400736,0.8116228894914984,0.31098803235290523
Canada_2016,0.973598788141095,0.7894390632965514,0.9263390970708044,0.8686251666194359,0.9428411780173548,0.6201183666198214,0.5469495309316709
Netherlands_2016,0.9595325687080716,0.8028855377767545,0.8697327721717966,0.8525772222047293,0.9073593215882196,0.5923675303339204,0.5784484756804236
New Zealand_2016,0.9584505518286084,0.7458654694754614,0.9911431130943326,0.8721517260199207,0.9556107020773073,0.8294372637121196,0.6026643569067109
Australia_2016,0.9539060809348624,0.7917852072335783,0.9336578604871288,0.8933950481228417,0.9340816460688928,0.6399517032521129,0.5783386807529491
Sweden_2016,0.949145206665224,0.7958306610315359,0.9191893582137484,0.8724141188324568,0.9567775440441756,0.8089111458601372,0.4666772395115345
Israel_2016,0.9439515256438,0.7332576866362984,0.8412098777952437,0.8912644184850489,0.5987378385485143,0.17275984244175688,0.3938954020324261
Austria_2016,0.9119238260116858,0.7950467858376227,0.9159694403596842,0.8455870776787681,0.8932914804102025,0.4225569565131332,0.40093447682717054
United States_2016,0.9086777753732956,0.8266100960932318,0.8855365684633977,0.8176160038624222,0.7915297133841703,0.294293462124661,0.5011162484293225
Costa Rica_2016,0.9049989179831204,0.585872705246482,0.863309838919595,0.7992065241348908,0.9075894031028136,0.2087646721165456,0.2751338888143368
Puerto Rico_2016,0.8946115559402726,0.7451912271758018,0.9136876088095601,0.8161256126872172,0.7695076255587694,0.2429682706201381,0.2708518866428371
Germany_2016,0.8848734040251028,0.7936708930147401,0.9277250984568056,0.8552641246050987,0.8786813042334999,0.5651313315255042,0.3714972368276585
Brazil_2016,0.875784462237611,0.5961507890827563,0.8784037320622686,0.6445941832761316,0.6643603733894293,0.2803982502325765,0.1924583084261507
Belgium_2016,0.8708071845920794,0.7813481557006363,0.8894832919223162,0.8602181009057798,0.8439718643176439,0.5195463272698481,0.2957143379975845
Ireland_2016,0.8660463103224411,0.8131526583236035,0.9816692865473352,0.8549282618050525,0.8875887457270576,0.5889432117337344,0.54852325822547
Luxembourg_2016,0.8582557887903052,0.9305201532667862,0.8789192569680374,0.8873285262970076,0.9017551932684722,0.6992933631559153,0.3363506605994803
Mexico_2016,0.8381302748322873,0.6112472386214759,0.6039247502662137,0.7466964744901707,0.6197245595582436,0.3633142653550008,0.14316038599016725
Singapore_2016,0.8296905431724735,0.9020320456949904,0.7332116356506599,0.9941433924241946,0.8015053904811991,0.9300488905603608,0.3989947664417904
United Kingdom_2016,0.8266608959099759,0.7689815652288312,0.9184118452411136,0.8500582512043829,0.8223113331580332,0.5423289325231092,0.6118749313781703
Chile_2016,0.8223328283921228,0.6669517121917259,0.7655713875226071,0.8594204267556703,0.6210393110702077,0.2266582213337028,0.3854411926169011
Panama_2016,0.8214672148885523,0.6485114593782718,0.8359278603181043,0.7434637950397263,0.8040855903234289,0.1667227489558797,0.29498237181442216
Argentina_2016,0.8104306427180265,0.6311401272837902,0.9010023156364622,0.7316666141881041,0.6949119116486983,0.14441519368183525,0.1340596064461822
Czech Republic_2016,0.7987448604198225,0.7176295175604488,0.8518246201173031,0.8016205380102227,0.6806797265316855,0.07889788404821757,0.12112820387698088
United Arab Emirates_2016,0.7937675827742912,0.8625477588295593,0.7362202728056386,0.7661135426178405,0.923859453063371,0.7038855129550087,0.3243952129411621
Uruguay_2016,0.7877082882492966,0.6476946943160826,0.8716850058313472,0.7576120154916716,0.8938338154088877,0.42346746897329823,0.22027302338631954
Malta_2016,0.7753732958234147,0.7169004588136624,0.9286124773929652,0.8429631495534073,0.9037930581120168,0.34745947229864804,0.6860597040416733
Colombia_2016,0.7738584721921662,0.5647848180368038,0.8634535097949733,0.6261637121235973,0.7351926110965028,0.10686645157459272,0.19062839296824485
France_2016,0.7732092620644881,0.7646236576822509,0.8494160201477274,0.8794882290584295,0.765218248750986,0.35248708457869,0.1483451464542338
Thailand_2016,0.7723436485609175,0.5971155585521879,0.8829589439345537,0.6813291770311827,0.8143735209045491,0.0560756912966885,0.7160581181149431
Saudi Arabia_2016,0.7517853278511144,0.8165074248877633,0.7169092169092169,0.6220493928230317,0.6229292663686563,0.5939708240137764,0.1885666882190043
Qatar_2016,0.7509197143475438,1.0,0.7434038165745482,0.7527839877410077,0.9314850118327636,0.9510698521406938,0.39511534567103
Spain_2016,0.7478900670850467,0.7359272476113733,0.9545239423288204,0.9225311460268479,0.6170293189587168,0.12147423843550208,0.21550304375937832
Algeria_2016,0.7465916468296906,0.5770308123249299,0.7040633504048138,0.648677015439193,0.34522087825401,0.31980760475841724,0.08593282990325847
Guatemala_2016,0.7398831421770179,0.4574651778519626,0.7362625289454557,0.5671778078654868,0.8279483302655797,0.17222541121513826,0.3514413634090105
Suriname_2016,0.7279809565029215,0.6012596819549737,0.658063316599902,0.5345781248360045,0.8584341309492505,0.2512222640090259,0.20330360737333933
Kuwait_2016,0.7214888552261415,0.8864586930662676,0.7416628636140831,0.6672019480042402,0.7094070470681042,0.4684982482532016,0.19476400190311205
Bahrain_2016,0.7169443843323956,0.7894883980989655,0.7977705660632489,0.6895263284948098,0.7785794109913227,0.510124502682053,0.20918373571141013
Trinidad and Tobago_2016,0.7061242155377622,0.7267126028493589,0.8330290891266501,0.5521584432759217,0.7962956876150408,0.024564042675323132,0.3895890009881544
Slovakia_2016,0.6866479117074225,0.7015025188157454,0.9149975491438904,0.7385518015890508,0.3844169077044438,0.058332178697967176,0.16880360127362115
El Salvador_2016,0.6844838779484959,0.47893129854681604,0.6843381843381843,0.6255444650860122,0.6124934262424402,0.21007105955939112,0.10829439679886788
Malaysia_2016,0.6708504652672581,0.6859839826341495,0.7439193414803171,0.6545756058650041,0.6414508282934525,0.17974703588606716,0.5059594246745799
Nicaragua_2016,0.6680372213806537,0.3803384367445609,0.7565623785135981,0.6844568993566127,0.7655469366289771,0.3224797608915104,0.3632138195215381
Uzbekistan_2016,0.6669552045011902,0.4033997160508039,0.9871879384074506,0.5264964262098932,1.0,0.5608162942142871,0.4187578533871735
Italy_2016,0.6647911707422636,0.7427354503445214,0.8803390632658926,0.8932061252978158,0.309410333946884,0.050592822786564004,0.2035353966646741
Ecuador_2016,0.6645747673663709,0.5333969204120004,0.7265858729273363,0.7201423218615195,0.6618130423349987,0.35701985313038137,0.12289712215295652
Belize_2016,0.6602466998485177,0.4802797831461352,0.5802190558288121,0.4782791229782633,0.8419504338679991,0.2131984719225668,0.2889314513669469
Japan_2016,0.6526725816922745,0.7565053418627725,0.896286530432872,0.9602632324695359,0.7684886931369971,0.3757843273094356,0.12472703761086235
Kazakhstan_2016,0.652239774940489,0.6739298459109672,0.8074641245372952,0.6023069576078172,0.6659216408098869,0.22034401535994927,0.1831257395908309
Moldova_2016,0.6474789006708505,0.37920373628903614,0.7025674830552879,0.5490202252379901,0.41417959505653423,0.037667504602046674,0.2439521294116212
Russia_2016,0.6386063622592512,0.6754921146540807,0.8895847066578775,0.6191525761726334,0.5371088614251907,0.07098038439460819,0.033377657952202607
Poland_2016,0.6340618913655053,0.682930706529187,0.8847167993509457,0.7248129139246616,0.7426702603207994,0.1088656202371291,0.17619645972356074
South Korea_2016,0.6340618913655053,0.7452186353993652,0.6101279515913661,0.9303924346904288,0.4136208256639495,0.15272856831812515,0.2296421905307975
Bolivia_2016,0.6312486474789006,0.4353631863704386,0.7080354275476226,0.4929836161927852,0.8375131475151196,0.15332238079214586,0.2647033707042735
Lithuania_2016,0.6293010170958666,0.6957303469332939,0.8993036188158141,0.6787997103183349,0.31108664212463844,0.03602462342392272,0.024703858681728905
Belarus_2016,0.6269205799610474,0.6197657145049802,0.8873197775636801,0.6623214416910691,0.4780929529318959,0.3455394786326478,0.17008454209415527
Slovenia_2016,0.6195628651806968,0.7123232854785749,0.8925595389010024,0.8307461402017275,0.8737181172758348,0.07195027810217533,0.31398909370387085
Peru_2016,0.6141527807833801,0.5459827766723128,0.6867045281679428,0.6611669133159103,0.6163226400210361,0.10474852041725224,0.17722121237998806
Turkmenistan_2016,0.5957584938325037,0.5921108169295115,0.8773811334786945,0.4618743243385077,0.614777806994478,0.5634686565982462,0.2753046809237413
Mauritius_2016,0.5935944600735771,0.6269466690785903,0.6397157006913105,0.6947007147580212,0.7583651064948724,0.10298687674432412,0.4507813739005258
Libya_2016,0.5864531486691192,0.5848257111063603,0.8035089498504133,0.548967746675483,0.6684196686826189,0.20464757229666872,0.2084517695282478
Latvia_2016,0.5745509629950226,0.6675985462678221,0.8030779372242788,0.6712218058922929,0.4600972916118853,0.1759664298014687,0.21281916775444973
Cyprus_2016,0.5715213157325255,0.722793226879793,0.5974764633301218,0.8908760771224954,0.4849296607941099,0.1034817204726747,0.3404374717888033
Paraguay_2016,0.5697900887253841,0.4899110329063132,0.9390243902439024,0.6118475602716289,0.7598442019458321,0.1463945685952376,0.3085969428212417
Romania_2016,0.5676260549664573,0.6411879820421319,0.6152747494210911,0.7095311565225604,0.6033394688403891,0.013439955662001941,0.15723853557965622
Estonia_2016,0.5652456178316383,0.7014531840133312,0.8887564863174618,0.7147370299232763,0.6822081251643439,0.3665604402129807,0.1027558526796062
Jamaica_2016,0.5637307942003895,0.489691767117806,0.8144617412910096,0.6241695267483232,0.7164902708388113,0.08499435878149679,0.2713764624074368
Croatia_2016,0.5589699199307508,0.6503916635147211,0.5139107212277944,0.7401996284517773,0.3928970549566132,0.07921458403436192,0.22488441034024229
Hong Kong_2016,0.5524778186539708,0.8281120667445059,0.7354343086050403,1.0,0.7901492242966078,0.6264127788444408,0.4891608007710043
Turkey_2016,0.537545985717377,0.6385677558694711,0.7413163632675829,0.6792615216683984,0.3926012358664213,0.24441321430692184,0.057422747069085414
Indonesia_2016,0.5213157325254274,0.5213263387546799,0.7405388502949478,0.5182153090462545,0.6448363134367604,0.006373587221155559,0.6895243439753083
Jordan_2016,0.5189352953906081,0.5463719734469129,0.7286310700944848,0.6372156973876171,0.5920161714435971,0.2631974822351101,0.1739883617376877
Azerbaijan_2016,0.5163384548798962,0.6159888612979437,0.6426482767946182,0.5720583141786579,0.5805778332895082,0.35458522198689657,0.06880482121725975
Philippines_2016,0.5137416143691841,0.4452027386296984,0.7426685597417305,0.4936763332178805,0.9014922429660792,0.232715108568714,0.2644105842310085
China_2016,0.5063838995888336,0.5634034435692085,0.6708669269644879,0.7720751073186602,0.7233105443071258,0.05433384137289443,0.060497005038367226
Bhutan_2016,0.4957801341700932,0.4674198446501888,0.7676757432854995,0.5222561583593102,0.7571982645280042,0.3198669860058193,0.5922338387966476
Kyrgyzstan_2016,0.4933996970352736,0.30721329627741495,0.8065344894613187,0.5819767624925216,0.6608598474888245,0.09425783337621978,0.4688487391882495
Serbia_2016,0.4916684700281325,0.5670048841454389,0.6873299190372361,0.6778131133431993,0.2583158033131738,0.08588507749252784,0.25297971233728994
Bosnia and Herzegovina_2016,0.488638822765635,0.5118924282041584,0.5439801903216537,0.7427395908771267,0.15630752037864842,0.0,0.3646289541423186
Montenegro_2016,0.4882060160138499,0.5911296025259418,0.6268529317309806,0.6668241023541883,0.2483401262161451,0.2517962827339126,0.2097205109123958
Dominican Republic_2016,0.4869075957584939,0.5634418150821973,0.8408633774487434,0.6052772442457255,0.8588449907967394,0.24488826428613844,0.2596772029132254
Morocco_2016,0.4860419822549231,0.4607760912584211,0.326175143248314,0.6241905181733262,0.42147646594793575,0.16634666772233328,0.04944431567261592
Hungary_2016,0.4847435619995671,0.68050233792147,0.7873502019843482,0.7095941307975692,0.32490796739416244,0.08851764612735298,0.12077442022178575
Pakistan_2016,0.4819303181129626,0.3772248625477588,0.2208728428240624,0.423040188083168,0.24030370759926376,0.27473723798024585,0.3804394236986251
Lebanon_2016,0.4812811079852845,0.6154132886031124,0.5424336156043473,0.7994689169474268,0.4310412831974757,0.06058866609924585,0.28904124629442124
Portugal_2016,0.4799826877299284,0.6994962368509048,0.7975170292243464,0.8329712312520335,0.7350611359453063,0.030106292432849707,0.1426236107891815
North Macedonia_2016,0.4795498809781433,0.5587440455634309,0.6611902709463686,0.6794714359184273,0.45470681041283206,0.13948655014746342,0.2867721511266179
Vietnam_2016,0.4665656784245834,0.4058445295926589,0.6686358027821442,0.694364851957975,0.9195700762555876,0.22873656499277525,0.305900867379927
Tunisia_2016,0.4631032244103008,0.5356882479019005,0.3647972550411575,0.6253030636984791,0.3870792795161713,0.16171493042497176,0.048016981615449365
Greece_2016,0.4605063838995889,0.6845806815877036,0.6378395280834306,0.8399613757779946,0.09568104128319747,0.08168880267611488,0.0
Tajikistan_2016,0.4524994589915604,0.2676961195437079,0.6389297364907122,0.5575217523641591,0.7133841703917959,0.26739375705152313,0.31716094716424104
Mongolia_2016,0.4332395585371132,0.5418770247825156,0.9210401771377379,0.5821866767425506,0.5911780173547199,0.0650224659052671,0.4213563333373998
Laos_2016,0.4265310538844407,0.3729820695401448,0.464564001149367,0.40189132739276,0.8573494609518801,0.4438352368322084,0.5255395200741725
Nigeria_2016,0.426314650508548,0.41230738870890826,0.5450873011848621,0.053612099457371665,0.4577636076781488,0.06037093485877159,0.28325871344743875
Honduras_2016,0.4254490370049774,0.3805851107566314,0.6388790291229316,0.612771182971756,0.4397022087825401,0.1366956315195661,0.24935647973063646
Iran_2016,0.4128976412032027,0.6126176497996458,0.3283893649747308,0.674160605392697,0.3704969760715225,0.11025118267651077,0.4701418794451696
Zambia_2016,0.4090023804371348,0.3354876197054164,0.5388502949478559,0.2474154307965196,0.7011241125427294,0.22721244630945545,0.21795513047297213
Nepal_2016,0.4085695736853495,0.2446238769480395,0.5890421378226256,0.5255518120847633,0.608269787010255,0.13871459393123647,0.4655304924912469
Palestinian Territories_2016,0.4001298420255355,0.36740175522263696,0.6053530077920322,0.5966182814320349,0.29161188535366817,0.21007105955939112,0.1360725134498786
Albania_2016,0.378705907812162,0.5236615194022815,0.42393894832919227,0.7662604825928607,0.5236983960031554,0.10492666415945844,0.20543850874089611
Bangladesh_2016,0.3761090673014499,0.29697906559884224,0.20915944086675795,0.5561573097389715,0.6537273205364186,0.2490647453534173,0.2333996169376975
Sierra Leone_2016,0.3743778402943085,0.19999780734211486,0.5307371161029698,0.0,0.5042893768077833,0.1622295679024564,0.29152993131717314
Iraq_2016,0.3613936377407488,0.5891342838505265,0.5003549515744637,0.5360790117237108,0.40849329476728896,0.26990756319154396,0.2389747593661173
Namibia_2016,0.3611772343648561,0.5113661903117411,0.5946453019623752,0.36467353086264254,0.7989416250328687,0.2058154034955761,0.09509460662917374
Cameroon_2016,0.3479766284354036,0.2877699024815405,0.5285566992884065,0.13327455734332522,0.7023402576912964,0.1212565071950278,0.2766832172353637
Ethiopia_2016,0.34689461155594026,0.16051900212139653,0.3205719791085645,0.3629207468749016,0.6031915592952932,0.33985867263118297,0.3601517609886423
South Africa_2016,0.3362908461371997,0.5614081248937931,0.8117657995706775,0.19533570536435865,0.6981823560347095,0.16656439896280753,0.16659550328774808
Sri Lanka_2016,0.3267690975979225,0.5334627001485526,0.7165204604228994,0.650807645076986,0.835146594793584,0.15763741810336296,0.5731051225433385
India_2016,0.3243886604631032,0.4058390479479463,0.24717306424623497,0.4732621724025735,0.6620595582434919,0.17264107994695274,0.3053274938697832
Myanmar_2016,0.3224410300800692,0.18698986443892626,0.591425384108311,0.4185690145575532,0.7016171443597159,0.4006848637200372,1.0
Egypt_2016,0.3152997186756113,0.5229214973660696,0.42098101854199416,0.5469945527252118,0.30973902182487506,0.20571643474990595,0.15500603872101104
Armenia_2016,0.3148669119238261,0.4718928667357354,0.5280073694707841,0.6725967442299821,0.23068958716802526,0.07157419686862887,0.09507020775640164
Kenya_2016,0.3140012984202553,0.28650912419762425,0.6443216199313759,0.3164142447810069,0.6668419668682619,0.13234100671008095,0.5041783069622183
Ukraine_2016,0.3070763903916901,0.4784763220356636,0.8570643814546254,0.6153426325346095,0.21132987115435184,0.03620276716612893,0.24841712312891145
Ghana_2016,0.2966890283488422,0.34593015288307105,0.4170934536788196,0.31152324275533444,0.6733664212463845,0.06452762217691653,0.2586646496931842
Congo (Kinshasa)_2016,0.29582341484527164,0.031031590718479177,0.6818112671771209,0.1973193950271314,0.25640941362082564,0.1202470259891926,0.31057325151578
Georgia_2016,0.2914953473274183,0.4593179737648485,0.16267768706793098,0.6720929500299127,0.5334768603733894,0.6310247223926683,0.08278537531566042
Congo (Brazzaville)_2016,0.28803289331313586,0.42268414215001066,0.4039602454236601,0.2961050410907144,0.6234880357612411,0.19304843530413093,0.14733259323419254
Senegal_2016,0.2843540359229603,0.24291360379768345,0.6542602640163616,0.42462504067088586,0.5103865369445175,0.23121078363452816,0.23304583328250236
Bulgaria_2016,0.283921229171175,0.6101399463895146,0.7820935381910992,0.7116722818728548,0.3487214041546148,0.012173155717424436,0.15606738968659645
Mauritania_2016,0.2804587751568925,0.3365236505561129,0.7111032232983453,0.30058671032883066,0.20838811464633186,0.35539676570139145,0.27675641385367994
Zimbabwe_2016,0.2787275481497513,0.1920823123770056,0.6040768723695553,0.1674066143980184,0.4179102024717328,0.16986995506818947,0.2257261714508789
Malawi_2016,0.2707206232417227,0.04773964380272657,0.12423305106231936,0.3081961018923769,0.6808769392584801,0.14971991844975355,0.37779214600285466
Sudan_2016,0.26704176585154715,0.3457218503839892,0.6923922045873264,0.312341908330447,0.0,0.19870944755646164,0.2205292115504264
Gabon_2016,0.26314650508547943,0.6350540216086434,0.6115984652570019,0.366720194800424,0.4617735997896398,0.18435897943429466,0.07617328079442727
Mali_2016,0.2527591430426316,0.1715316263491698,0.7296198637662051,0.17157341226109132,0.4526689455692874,0.2701252944320184,0.2569689280355248
Haiti_2016,0.2430209911274617,0.18690763976823604,0.24982674982674985,0.28856911951467823,0.1983960031554036,0.2865343124641238,0.5850605702016567
Botswana_2016,0.2313352088292577,0.5998344543296771,0.7537312171458513,0.3647470008501527,0.7245759926373915,0.2131588844242988,0.15157799709653413
Comoros_2016,0.2274399480631899,0.1507945644011029,0.5098034244375709,0.3146719565057673,0.2532868787799106,0.3649373527839908,0.22288370277293187
Ivory Coast_2016,0.21878381302748331,0.3042696530667061,0.4865879012220476,0.04697880915645959,0.6682717591375229,0.3073969240513845,0.24811213721926045
Cambodia_2016,0.2168361826444493,0.30480137260383605,0.4542535030339908,0.4460048070363256,0.967196949776492,0.16017101799251796,0.4921130643764258
Angola_2016,0.20796364423285008,0.4644652381500545,0.5608741950205365,0.05238410109470281,0.009679858006836708,0.16694048019635396,0.1472593966158763
Niger_2016,0.20579961047392348,0.07274142533725819,0.5115528286259994,0.2745888304627559,0.6251807783328951,0.3399774351259872,0.2558221810152371
Chad_2016,0.18567409651590566,0.2314021499010563,0.5339316802731437,0.04013560460551864,0.2104752826715751,0.09801864571168424,0.22772687901818936
Burkina Faso_2016,0.1804804154944817,0.17538522258218356,0.5328837280056792,0.22352718914323494,0.5484157244280831,0.2480750578967162,0.2970928743092069
Uganda_2016,0.1804804154944817,0.1903172227795228,0.7689011713401958,0.205978357840822,0.7174105968971864,0.12751133192137926,0.330629124934428
Yemen_2016,0.17723436485609173,0.3176010130079429,0.40137416966685263,0.3258708817448072,0.3758545884827767,0.11662476989766632,0.11981066474728867
Madagascar_2016,0.17095866695520448,0.15323389629824533,0.3897283775332556,0.38948539521605424,0.22488824612148306,0.1485718809999802,0.2688755779482988
Tanzania_2016,0.16468296905431734,0.2584869564264062,0.6560096682047901,0.3746969363015208,0.5219563502498028,0.1009283268343857,0.3839406619414183
Liberia_2016,0.15516122051504005,0.058686488293947715,0.4255446816422426,0.2431331800959308,0.4231527741256903,0.0960392707982819,0.2935550377572556
Guinea_2016,0.15191516987665005,0.12287106623471306,0.26274867738282376,0.19762377068967327,0.5086937943728636,0.23594148967755985,0.3649339400519696
Rwanda_2016,0.13200605929452505,0.18005010223267387,0.5204773253553742,0.33444587885848626,0.8927162766237181,1.0,0.2873211257639897
Benin_2016,0.12529755464185244,0.2165194845061312,0.08805334415090513,0.2207038424803468,0.6532178543255325,0.13224203796441086,0.2461846262702663
Afghanistan_2016,0.09846353603116208,0.2095468324316028,0.0932762030323006,0.18203763762503014,0.27001709176965555,0.14077314384117495,0.3814519769186664
Togo_2016,0.08612854360528026,0.1541602942546882,0.0,0.2604091228733062,0.5699119116486985,0.22935017121593,0.21369752717424453
Burundi_2016,0.0,0.037445115032314284,0.198113685918564,0.16527598476022545,0.0709965816460689,0.18643732309336708,0.2475265642727306
Norway_2017,1.0,0.8640650170265683,0.9521596355538668,0.8390446381787036,0.965323020252491,0.4319567673226292,0.6805051405737154
Denmark_2017,0.9969033148204571,0.7923937368732289,0.9630861951993716,0.8347255110362377,0.9510186008522602,0.4239243748901183,0.8631560380559575
Iceland_2017,0.9931874501069524,0.7914582951000164,1.0,0.8778923628794993,0.95277464372966,0.567419538101163,0.3306568711975876
Switzerland_2017,0.9911229933205888,0.8365449317917664,0.9418454156382674,0.9037790024117632,0.9420005107039578,0.34668642120289817,0.7904396548714014
Finland_2017,0.9859619497934003,0.7716476392202433,0.9563340264745732,0.8522002639198045,0.9387802687172094,0.2929125978409977,0.8240472274484351
Netherlands_2017,0.9669693804892194,0.8039192971187383,0.8872235718746815,0.8538205565040551,0.8893060040313022,0.5613933590734025,0.6087811458893886
Canada_2017,0.954376509096304,0.7906946483554538,0.919764621137644,0.8789513817434063,0.9283739512006076,0.5196905274381517,0.6189246131347274
New Zealand_2017,0.9539636571145192,0.7514067948247372,0.9612691605046612,0.86020668507698,0.9328725829848658,0.5966113175513252,0.8244890877702514
Sweden_2017,0.9477703851941486,0.7988104978487369,0.9177859340834376,0.8750729997961688,0.9311437052115356,0.4598623967395912,0.8278963674511457
Australia_2017,0.9477703851941486,0.7934798816296557,0.9375799842403771,0.8887767792254525,0.9139515446983688,0.5699957142556403,0.6486725832987581
Israel_2017,0.9331130570148696,0.7351975897718227,0.8545338231656432,0.8830023329174882,0.6167708750242235,0.39385805751232794,0.18358964205976214
Costa Rica_2017,0.905450005460888,0.5931829362166331,0.8794402772249168,0.7999108465565781,0.8813259830598413,0.2560787373596853,0.21560394359695406
Austria_2017,0.8903798252998238,0.7949136946636464,0.9064749319675988,0.8586992624344791,0.8625405891929974,0.37761806635407663,0.47610738515226
United States_2017,0.8876960905407836,0.8265381899838894,0.8816239163777654,0.8154742806879586,0.7683122683043007,0.4684290847994195,0.2921311955441173
Ireland_2017,0.8843930778090636,0.8208973741359278,0.9675004740766344,0.8528584626624284,0.870659333295907,0.5105250015504345,0.6426516266416344
Germany_2017,0.8790256082909824,0.7953552894516827,0.9142829481778356,0.8414503749849572,0.8545575800600897,0.40123987167517017,0.5960096880635577
Belgium_2017,0.8666390644502413,0.7824500800350735,0.9079450506325708,0.8616097124396545,0.8200103589596857,0.2762321906198953,0.5413287030000291
Luxembourg_2017,0.8608587429503731,0.9311393782753192,0.905008810201628,0.8900434586940891,0.9063867876177838,0.3378944933092318,0.6866876548179975
United Kingdom_2017,0.8300991046555665,0.7706117075508223,0.9291470454700568,0.8481752389336759,0.7720335253604358,0.5879832521701827,0.571664044431481
Chile_2017,0.8172997088330405,0.6696640948390128,0.7972467879365288,0.8630713719077757,0.5725727979513887,0.3897769990515313,0.1772272289170236
United Arab Emirates_2017,0.8164739064307509,0.8693463759915168,0.7863098659602914,0.7654597764610177,0.9241876275628016,0.4306796852019061,0.6988673766899035
Brazil_2017,0.8137902701104284,0.5919251238759399,0.8886930984064664,0.6493494378693964,0.6645721767760093,0.19371758310190598,0.23926534238654845
Czech Republic_2017,0.8084228005923452,0.7230634825961937,0.8902945226052024,0.794576141039467,0.745836947801348,0.10512990122447399,0.07941483707138769
Argentina_2017,0.8063583438059837,0.6335884132664508,0.8943712855670364,0.7321144300328456,0.7512650336213447,0.13060530342728738,0.12866441106514775
Mexico_2017,0.8020231026810822,0.6164234390611902,0.7518202544189034,0.7477458497854246,0.6270123003591236,0.14436704299570194,0.2859614223332285
Singapore_2017,0.8007844482970081,0.9045909290185766,0.8405787983456374,1.0,0.835308296766086,0.4128102079517689,1.0
Malta_2017,0.7914945896358122,0.7180374584531287,0.9241498114721975,0.8656670039163605,0.8944447362177848,0.6857745007171825,0.3296650924697355
Uruguay_2017,0.7764244094747462,0.6508349518770021,0.8768475480578983,0.7574750755484722,0.8802027060065679,0.2089274771829988,0.3834996492846012
Guatemala_2017,0.7764244094747462,0.4661203444566784,0.7795886361944063,0.5689776902327763,0.8071579143719715,0.3382612992590341,0.16631915524830435
Panama_2017,0.7760115574929615,0.659488489223301,0.8526106485975256,0.7437196320691001,0.8355912666001433,0.2512387301850105,0.1528811841189084
France_2017,0.773947100706598,0.7648865235211326,0.8616659933618902,0.8893866410074822,0.7143533165875571,0.15483373431286654,0.3715260304768081
Thailand_2017,0.7702311375543757,0.6028915218898464,0.885269754414244,0.6816684713511538,0.8814309309118971,0.6826632466056846,0.06808573162158875
Spain_2017,0.7658958964294762,0.7400167079586477,0.9512701034767548,0.936248257123,0.6210133851522798,0.2268693554911865,0.1527307949942693
Qatar_2017,0.7601155749296082,1.0,0.7912066593666512,0.7478712747818725,0.9177853558356988,0.3943248594224639,0.946138035521358
Colombia_2017,0.7563996117773859,0.5722909784669946,0.8706106832373198,0.6266800311038919,0.72539063419652,0.17780561923245222,0.1005125120799118
Saudi Arabia_2017,0.7537158770183455,0.8181802598845844,0.7988938063905112,0.6215408705637259,0.6832533019183995,0.17613696331471054,0.5889030156389288
Trinidad and Tobago_2017,0.717382343214563,0.7276998455374086,0.8569792592028995,0.5476434507592955,0.7878948674252371,0.3881471217947952,0.01930791685451935
Kuwait_2017,0.7043765214011445,0.8728791980179819,0.7821427286711032,0.6657301432864442,0.7540274983293465,0.2723977615982508,0.4633985413217702
Slovakia_2017,0.7029314410261761,0.7084765170979356,0.934486236382236,0.7506462557468403,0.44940078307940096,0.16292629501169512,0.05214397091732356
Bahrain_2017,0.7006605582489221,0.7956166141595812,0.821514848405766,0.6878760042709785,0.8154166493111844,0.20602983464110355,0.553602971683968
Malaysia_2017,0.7000412802762429,0.6902069187006793,0.7976324146732372,0.6517002463113402,0.6111140137527866,0.4971021085350175,0.14128711652377876
Nicaragua_2017,0.6973575455172024,0.3941162751575207,0.7992279175401261,0.6878369580508621,0.6799130354468387,0.3599608138163413,0.2814684268848247
Ecuador_2017,0.6843517237037822,0.5349790226545134,0.7985779033363283,0.7221081769878522,0.6915292414235245,0.17911575478316324,0.3018141241768712
El Salvador_2017,0.6833194953106023,0.4863166470402307,0.7339775051563678,0.6277233561494244,0.6569744140939809,0.09337824225877643,0.1937959319067824
Poland_2017,0.6771263218289477,0.6905129126649118,0.8976377142652415,0.7366834655391052,0.7904947489853833,0.18908323973825197,0.12773381818153806
Uzbekistan_2017,0.676713469847163,0.42038460165983466,0.9617497506009062,0.5247779026517468,1.0,0.4963560149205918,0.5309586250826719
Italy_2017,0.6752683894721965,0.7457195892212611,0.8971480201212808,0.8985267836040273,0.3895954934903364,0.20617440561433972,0.06036532730912453
Russia_2017,0.6750618650425865,0.6851622876776562,0.912272507981584,0.5764652109792199,0.5678448474136115,0.06236173656000241,0.07099359970073653
Belize_2017,0.6736167846676197,0.4853495671988732,0.6714486849240077,0.4741394122062376,0.8317667821485423,0.2863891593853113,0.2080108814201969
Japan_2017,0.6661849568018929,0.757398528782038,0.8918173411236363,0.9620676015620748,0.7681375966851334,0.14386868119410234,0.35269866640855
Lithuania_2017,0.6624689936496706,0.7026974878163141,0.9149012092395882,0.6624065064311064,0.3558408822139202,0.01212857408214231,0.02555555438771657
Algeria_2017,0.656275820168016,0.5836457632389239,0.7116825804927381,0.6504366428311038,0.35447972939934325,0.08285252949951946,0.3146535876696062
Latvia_2017,0.6517340546135064,0.6739211832956108,0.8721827968433953,0.6725351084841467,0.4948098352164785,0.18265042706667325,0.15903831257625367
South Korea_2017,0.6492567458453582,0.7492538768581393,0.7005418166675722,0.9481003543099203,0.3918301402262674,0.2466060048214263,0.13629465331038365
Moldova_2017,0.6492567458453582,0.38961086132011896,0.7772542991459815,0.6208214031541679,0.3657114133279245,0.24911742541268606,0.021734044695930158
Romania_2017,0.6465730110863172,0.6509013504006853,0.7140878254900626,0.7216048448449472,0.69427219253177,0.15931735474697778,0.009450413799559736
Bolivia_2017,0.6461601591045306,0.4456766404641004,0.7622245525952698,0.4988246899419387,0.8488174124695087,0.26914140310690143,0.1302535260248282
Turkmenistan_2017,0.6459537331136382,0.6044459610326036,0.9270913070851582,0.4610106228945564,0.6354314905130407,0.2982130949475153,0.5584018803069449
Kazakhstan_2017,0.6453343567022429,0.6866473333537225,0.8595500794420665,0.6382795205902587,0.6645729917291315,0.2409860504924122,0.2569047735806046
Slovenia_2017,0.6327414853093256,0.7169288834852473,0.9018640648729256,0.8328958001395992,0.8698472777849218,0.2895314222014361,0.0971962569732285
Peru_2017,0.6238645770686322,0.553369820660263,0.7567304448385738,0.6636873731115545,0.6836366015368215,0.1513226030413559,0.10133167708457416
Mauritius_2017,0.6061106621485277,0.6357800743255647,0.7510123627046716,0.6719458369918239,0.7462944534290511,0.4306699060806081,0.09084826173792564
Cyprus_2017,0.604459057343949,0.7248037993719518,0.7024596620370241,0.8896487277743359,0.5394793173952653,0.3236634537096935,0.08881603481838793
Estonia_2017,0.6023946989963054,0.7060634851450793,0.9168601338487464,0.7321473242761581,0.7278881938646714,0.11799754462266387,0.3946712248542703
Belarus_2017,0.5937241183077865,0.6182268408066702,0.8971616391845303,0.6716370454214887,0.4487669759262847,0.18511168965578087,0.336659919802736
Libya_2017,0.5846407840761987,0.5889583460777688,0.8429071400455664,0.5478390585115143,0.7075338794122924,0.1814558807297121,0.1994586633378657
Turkey_2017,0.5794797405490101,0.6405261668807726,0.8306064613277099,0.6715226060979018,0.4568799248069921,0.05571462333527345,0.2146670443832132
Paraguay_2017,0.5780346601740438,0.49847895128565795,0.9358681272026452,0.6100635417595869,0.7193448591851568,0.2674588963973579,0.19613264384979714
Hong Kong_2017,0.5736994190491421,0.8294330254277004,0.7840626465067039,0.9932279918208836,0.7458710852821283,0.4468164799601271,0.6330579815224853
Philippines_2017,0.5650288383606233,0.4584749559042426,0.7785532173038514,0.4929044794489133,0.8890480260929888,0.2309022295543109,0.21393544590150795
Serbia_2017,0.5578034364857889,0.571593539079545,0.7812058259391954,0.6854027212704406,0.3170770257470865,0.2626564943891316,0.08809626271150757
Jordan_2017,0.5456234170746579,0.5297362474766,0.7693461384108389,0.636750817130041,0.6356581833065005,0.20543558411011595,0.2580255512599056
Hungary_2017,0.5431461083065097,0.6874254450357873,0.8339468326573867,0.7243485637237131,0.2671688211612537,0.09354967914525217,0.07890657574682358
Jamaica_2017,0.5404623735474691,0.49475961440427296,0.8495220078881053,0.6751211358758871,0.7205593657129313,0.27899447234279523,0.1190326391256659
Croatia_2017,0.5367465088339648,0.6535058038172146,0.6010174032384065,0.7385930893589062,0.3885648494419383,0.2959197309809959,0.09283305478503136
China_2017,0.5326175952612395,0.5779268877062032,0.7207600562348875,0.780854596207783,0.7182509204442765,0.0343726223400079,0.0490930269704248
Pakistan_2017,0.5317918912976681,0.3885486761077457,0.4176713933204715,0.4234344427460943,0.3573349629377435,0.3763934714443962,0.2678138742343834
Indonesia_2017,0.5303468109227016,0.5321556835097153,0.7912984400103189,0.5185357177809514,0.6734893485626952,0.7298922774670262,0.03298918515731872
Montenegro_2017,0.5251857673955128,0.5992888603413474,0.7689038149216676,0.7029700049071435,0.2962240052591639,0.2361494926805233,0.18990462133006872
Morocco_2017,0.5247729154137261,0.4693877954160793,0.4811107293496889,0.6295054833887523,0.6200670887520171,0.03843325354992775,0.1890194083487722
Azerbaijan_2017,0.5245664894228339,0.6166468490650671,0.7155214539475103,0.5695419771662474,0.6048714728376132,0.054015847723932565,0.3898007161166824
Dominican Republic_2017,0.5237406870205465,0.5769690157215359,0.8707558298842848,0.6054537651008275,0.8394849315167738,0.2230919831972644,0.2454088793384973
Greece_2017,0.5231214090478674,0.689283265532921,0.7695483518935026,0.8532968851725362,0.14543326303608084,0.0,0.09323508734251187
Lebanon_2017,0.5227084586273646,0.5746243576803057,0.7013799071742394,0.7741832167920837,0.4383085014098685,0.3155453961746063,0.08079517720113702
Portugal_2017,0.5165152851457119,0.7030144419975117,0.8487924257875761,0.83817789997752,0.7572598740625779,0.11347754585732235,0.034178732724827514
Bosnia and Herzegovina_2017,0.5138315503866713,0.525137608072836,0.6639470976369897,0.7426982155940176,0.3105257760617489,0.3924081160874864,0.0
Honduras_2017,0.5136251243957771,0.3905209097999627,0.7102716011296136,0.6135588689879414,0.5287969118709702,0.2818230209476595,0.15796731157905114
North Macedonia_2017,0.5123864700117029,0.5690600084623061,0.7499767217641653,0.6792557664895419,0.4951107340192225,0.3027902215614617,0.12982292242206206
Vietnam_2017,0.4915358699120531,0.421510604647131,0.7931900834863366,0.6868606769974264,0.8675377911872791,0.2803663230390123,0.1887395388734384
Nigeria_2017,0.4915358699120531,0.4189494504598187,0.7548678158886232,0.05994332397207526,0.6000051160946005,0.27556859722878885,0.05625916022533084
Tajikistan_2017,0.4847233200190054,0.2804806819803832,0.7894472836408267,0.5573874287116147,0.7163959965880631,0.2971065784824618,0.31525886698900274
Bhutan_2017,0.4785301465373527,0.4732909070981416,0.8320800587751382,0.5222572557073549,0.7619273822438029,0.5656468145525837,0.3734169346241839
Kyrgyzstan_2017,0.4770850661623864,0.3187037695499679,0.8656780657732651,0.5828986093330886,0.6911421386905335,0.5113865599170677,0.08494188612481565
Nepal_2017,0.4684144854738676,0.2564833188046732,0.7322130222818225,0.5309476762445621,0.6689051919757907,0.4702396446573138,0.15717062791920494
Mongolia_2017,0.4669694050988989,0.5490991593768487,0.9270056698232828,0.5874543992566398,0.5987767100885771,0.4038590404029197,0.07086310038830299
South Africa_2017,0.44095785991077824,0.5637791592748925,0.8598106180434517,0.19703166805389535,0.7280633635107463,0.16628864139770194,0.15616687839675295
Tunisia_2017,0.4360032423744818,0.5384243541118644,0.5391565092386849,0.6458314487673102,0.4400779004634371,0.059294630736112526,0.1867794416076833
Palestinian Territories_2017,0.42981006889282897,0.3828642105585117,0.7175374453923673,0.5957572452552722,0.3869526457905868,0.13623261876760598,0.19229184810069372
Egypt_2017,0.4215524386248128,0.5290356857017589,0.6193266424257219,0.5478582677452043,0.4285768745280071,0.15348437559563727,0.24634815345518885
Bulgaria_2017,0.4172171974999134,0.6208469061601503,0.8906013956283116,0.7458908404535659,0.4393958299754244,0.13504480224411938,0.023802165946792908
Sierra Leone_2017,0.4161849691067317,0.1969359024846556,0.6110467700837147,0.005860767213340953,0.4841600278170668,0.34965945187989594,0.15312079257058472
Cameroon_2017,0.41329480835679866,0.3016440644052931,0.5873795397556009,0.13996122308580794,0.6538391536077973,0.2819537766895333,0.11050133784059957
Iran_2017,0.4126754319454017,0.6183955134479291,0.4417997843747011,0.6733420846249605,0.3787666001423456,0.4620622723064958,0.10501885833408643
Albania_2017,0.4027662953115265,0.5325053590363156,0.4990054753075288,0.7700532943239409,0.5795661370678715,0.24020869925027186,0.08585730690883656
Bangladesh_2017,0.395334369007082,0.31360580305254737,0.456440832497809,0.5616064292928507,0.7267111751805126,0.2055368780265492,0.2664565690585837
Namibia_2017,0.38831539312313984,0.515529193684875,0.6820368404543028,0.3566240374431908,0.7904361629109411,0.0920367868495782,0.20061471153530155
Kenya_2017,0.3839801519982404,0.2995989643869409,0.6630870241858289,0.3264779700535577,0.6878308936051544,0.5308119487064811,0.1392208386308645
Mozambique_2017,0.3833608740255614,0.12524585614587774,0.5406153403648168,0.11232784587465017,0.7304095229988828,0.3844859254619016,0.3864599979049497
Myanmar_2017,0.3823286456323815,0.1962354522236492,0.6974134290181108,0.41866851259450905,0.7816074135380014,1.0,0.4066617247289776
Senegal_2017,0.3802641888460181,0.2562100780469397,0.7324667513515798,0.4311386323490151,0.5741329804284477,0.21891699183134014,0.2486722206446579
Zambia_2017,0.3759289477211164,0.3401851894333308,0.6228756296781308,0.2715513006754175,0.7012600533522653,0.297801625083709,0.16845194647045755
Iraq_2017,0.3724195089985045,0.5894433994004985,0.6076176527929372,0.5278404257569712,0.4383685815650365,0.2382092601095483,0.23091526384786615
Gabon_2017,0.3658133850963491,0.6404918843416718,0.717520717629891,0.37554654507179897,0.4744841799488938,0.05224516890071576,0.16378529426716382
Ethiopia_2017,0.3647811567031674,0.18133422480679406,0.5368702089948888,0.3722090976562911,0.6211068331102786,0.3730581154331744,0.3563492131753961
Sri Lanka_2017,0.3606523415691603,0.5398057875043313,0.7823151134445799,0.6583842435570125,0.8525854840549904,0.5857035078525985,0.1586317709124967
Armenia_2017,0.34744009376484764,0.4814054184253981,0.6255432636930442,0.671437106175398,0.30125889883534235,0.09961885963639587,0.05744986916852205
India_2017,0.334847222371932,0.4234743314267647,0.4683874155710606,0.4796537805561002,0.7139961407442157,0.276274134160156,0.19863307967658184
Mauritania_2017,0.3300990308265279,0.3466266746191952,0.7897996769025281,0.3005282413714286,0.14599048723330665,0.2408734127952723,0.2949702957408865
Congo (Brazzaville)_2017,0.32989260483563554,0.4324241451030764,0.5166135547871977,0.30538152331608603,0.6608837894957975,0.14420201587873285,0.17147705933611565
Georgia_2017,0.3288603764424538,0.5081409560367844,0.35429289897600946,0.68409919271626,0.4700503822130146,0.06444388039658137,0.5420254481762795
Congo (Kinshasa)_2017,0.3276218204970977,0.049232434340653664,0.7630965427267795,0.2015887919520089,0.3584684042674576,0.29407366402267626,0.12974444632154475
Mali_2017,0.30904210317470365,0.2545377528496562,0.7956625356001594,0.17837496662709473,0.4658023032386237,0.2187801374738207,0.2260790146899941
Ivory Coast_2017,0.30697764638834024,0.3223540634367157,0.5617748866546063,0.051229656966401235,0.6801475155701324,0.2401186424332213,0.2801197387555402
Cambodia_2017,0.30450043605891,0.3216678072938966,0.6247700117701268,0.4526454410493417,0.9622136118903476,0.460487300370796,0.14668276765284605
Sudan_2017,0.29851359012943146,0.3525383735038023,0.7537738498294015,0.30639616006163045,0.022781444343682,0.21754307862954064,0.19350853655656
Ghana_2017,0.2945912009863169,0.35665868227605385,0.5424555052620663,0.31136397549278383,0.6426542389333898,0.3065643222948035,0.05456804880027602
Ukraine_2017,0.2896366818887383,0.4782276883118198,0.8658636995267557,0.6065387729279625,0.18682115536809704,0.3222401470552249,0.049599579327663616
Uganda_2017,0.2865399967091951,0.2038901601466119,0.7015062535925853,0.22920942578264605,0.6732804489124004,0.3887074476649878,0.12291355147865295
Burkina Faso_2017,0.2764244340844257,0.18721089241654915,0.6477690568073359,0.2273259478642569,0.4927740370423369,0.2993343512153993,0.25915590878421324
Niger_2017,0.27559863168213833,0.08655564508523474,0.6165658954674728,0.28278794908096705,0.5524640107646255,0.27285601122230585,0.2984506197341339
Malawi_2017,0.2636250874812587,0.1247842207285737,0.3182522685732572,0.3318505604482258,0.7093286778381651,0.34265479175521235,0.1566022719220229
Chad_2017,0.2566061115973167,0.23413567537876406,0.5922459123195833,0.043322848397902784,0.2466272033163168,0.25786929446946993,0.1154016451915532
Zimbabwe_2017,0.24401319098504204,0.20090518966273055,0.672490617279603,0.2072304685565244,0.5110290775273962,0.22568798429764705,0.2054141336508085
Lesotho_2017,0.2301816652080524,0.2785069508166629,0.7389261102164149,0.0,0.5934858985944776,0.1879273831611927,0.2564993391351146
Angola_2017,0.22749793044901176,0.4588646171060941,0.6857256821633342,0.05252139553952805,0.0,0.11684690654033313,0.15015973789800802
Afghanistan_2017,0.22729145523875835,0.21460582726698008,0.3610783011758143,0.19036148136839284,0.1613060936761445,0.3721276409317181,0.13171829555911124
Botswana_2017,0.22151113373889247,0.5998047552048273,0.7584593997220239,0.3599349623056454,0.7674855436371191,0.11854360186587047,0.212322950985084
Benin_2017,0.19900907649274072,0.23043260358679415,0.2702762131069569,0.2210973067587183,0.6471152923236847,0.2481262670185159,0.1312254871503628
Madagascar_2017,0.1963253417337001,0.1634671276330004,0.5668912874559404,0.3951830586611703,0.2874244583731002,0.2490618266630482,0.1448004484587008
Haiti_2017,0.18786123625543252,0.1970371092555208,0.3976531467363769,0.2920730397840181,0.046137362725674085,0.5837230402071946,0.2150990199738323
Yemen_2017,0.1857968286884301,0.3162787578250844,0.5807757003936358,0.32657546005329946,0.37898097808862796,0.12424328270380025,0.12226248306758365
Liberia_2017,0.17341038328640673,0.06363265797368525,0.5414951022443779,0.2421485396054537,0.5057073430898322,0.31805009584250105,0.08388454884289594
Guinea_2017,0.1680429137683236,0.13072183861462855,0.4912811719263151,0.2044557073050144,0.5295681291755038,0.3159801225668833,0.23893120316948024
Togo_2017,0.16556560500017534,0.16327256785138955,0.2681544148636092,0.2602501820639873,0.5779368194009555,0.23493853520000085,0.2060379307945576
Rwanda_2017,0.16061103668323784,0.19710960917905387,0.5871863192956817,0.3437887539227478,0.8839271323248445,0.3015911234880411,0.980427269431584
Tanzania_2017,0.1354252446780476,0.27322281993637904,0.6469679746247259,0.3838991090870405,0.5925082717741901,0.4227023758926378,0.1422226999129115
Burundi_2017,0.0437654601082272,0.04897597243250538,0.3910367245442317,0.15967562509577146,0.09100018970297688,0.24393418886064894,0.18123311251442908
Central African Republic_2017,0.0,0.0,0.0,0.0197712862163892,0.4114585578227354,0.33514474664181404,0.12182668035295414
Finland_2018,1.0,0.6226145038167938,0.968369829683698,0.8485436893203885,0.9406077348066296,0.3377926421404682,0.8599562363238511
Norway_2018,0.9919610746773851,0.6946564885496183,0.9622871046228708,0.8359223300970874,0.947513812154696,0.4782608695652175,0.7439824945295405
Denmark_2018,0.9837105986883858,0.64456106870229,0.9671532846715328,0.8427184466019417,0.9433701657458562,0.4749163879598662,0.8927789934354485
Iceland_2018,0.9710175587053098,0.6407442748091604,1.0,0.887378640776699,0.9350828729281768,0.5903010033444815,0.30196936542669583
Switzerland_2018,0.9693251533742332,0.6774809160305343,0.9422141119221412,0.9,0.9116022099447512,0.4280936454849499,0.7811816192560176
Netherlands_2018,0.9595938227205414,0.6493320610687022,0.9051094890510948,0.8524271844660194,0.8812154696132596,0.5568561872909699,0.6455142231947483
Canada_2018,0.9356885974190818,0.6345419847328244,0.9318734793187348,0.8699029126213591,0.9019337016574585,0.536789297658863,0.6367614879649891
New Zealand_2018,0.9348423947535436,0.6049618320610687,0.9738442822384428,0.8504854368932038,0.9240331491712708,0.6103678929765887,0.8512035010940919
Sweden_2018,0.9327268880896976,0.6464694656488549,0.9130170316301702,0.8864077669902911,0.9102209944751379,0.4765886287625418,0.8380743982494528
Australia_2018,0.9238417601015444,0.6393129770992366,0.9568126520681266,0.883495145631068,0.8936464088397791,0.6036789297658863,0.660831509846827
United Kingdom_2018,0.9064946054580072,0.5935114503816794,0.8716545012165451,0.8621359223300971,0.6408839779005524,0.4381270903010034,0.17943107221006566
Austria_2018,0.8957055214723926,0.6397900763358778,0.9148418491484184,0.8650485436893203,0.8522099447513811,0.4046822742474917,0.4901531728665207
Costa Rica_2018,0.8815316268246244,0.4818702290076336,0.8874695863746959,0.7932038834951457,0.87292817679558,0.23913043478260876,0.22100656455142229
Ireland_2018,0.8614343135180877,0.6908396946564886,0.9628953771289538,0.8504854368932038,0.8480662983425413,0.5133779264214047,0.6695842450765864
Germany_2018,0.8588957055214724,0.6393129770992366,0.8965936739659367,0.8359223300970874,0.8093922651933699,0.4565217391304348,0.6126914660831511
Belgium_2018,0.8508567801988576,0.6316793893129771,0.9020681265206812,0.8679611650485437,0.8052486187845302,0.31438127090301005,0.5251641137855579
Luxembourg_2018,0.8472604188703196,0.7519083969465647,0.924574209245742,0.8699029126213591,0.87292817679558,0.3277591973244147,0.7024070021881837
United States_2018,0.842183202877089,0.6669847328244275,0.8947688564476884,0.7951456310679612,0.755524861878453,0.4866220735785954,0.2910284463894967
Israel_2018,0.8269515548973979,0.620706106870229,0.9482968369829684,0.8572815533980582,0.7361878453038672,0.5919732441471571,0.5951859956236324
United Arab Emirates_2018,0.8184895282420139,1.0,0.4720194647201946,0.6504854368932039,0.3922651933701657,0.3110367892976589,0.4340243133655263
Czech Republic_2018,0.8051618362597843,0.5882633587786259,0.9057177615571776,0.8291262135922329,0.7499999999999998,0.10702341137123747,0.07439824945295405
Malta_2018,0.787391580283478,0.6059160305343512,0.9276155717761556,0.8582524271844659,0.8908839779005524,0.6287625418060201,0.3107221006564551
France_2018,0.7581975883224031,0.6168893129770993,0.8917274939172749,0.8815533980582523,0.718232044198895,0.16387959866220736,0.3851203501094092
Mexico_2018,0.7579860376560185,0.4952290076335878,0.7615571776155717,0.7388349514563105,0.6616022099447513,0.1153846153846154,0.20787746170678334
Chile_2018,0.7554474296594034,0.5395992366412213,0.8096107055961069,0.7844660194174756,0.5953038674033149,0.3294314381270903,0.1334792122538293
Panama_2018,0.7457160990057118,0.5305343511450382,0.8746958637469586,0.7368932038834951,0.8245856353591159,0.20903010033444816,0.13785557986870894
Brazil_2018,0.7433890416754811,0.4704198473282442,0.8965936739659367,0.6553398058252428,0.6809392265193369,0.1839464882943144,0.1925601750547046
Argentina_2018,0.7368309710175587,0.5119274809160305,0.8929440389294404,0.7223300970873787,0.7872928176795578,0.10367892976588627,0.11816192560175055
Guatemala_2018,0.7355616670192512,0.37261450381679373,0.7712895377128953,0.5902912621359223,0.8342541436464087,0.2993311036789298,0.15536105032822756
Uruguay_2018,0.7349270150200972,0.5214694656488549,0.8874695863746959,0.7485436893203883,0.8632596685082872,0.2173913043478261,0.33916849015317285
Qatar_2018,0.7338692616881742,0.786736641221374,0.7925790754257908,0.7262135922330097,0.9033149171270718,0.4280936454849499,0.3741794310722101
Saudi Arabia_2018,0.7332346096890207,0.6579198473282443,0.8096107055961069,0.6145631067961165,0.7030386740331491,0.16387959866220736,0.2778993435448577
Singapore_2018,0.7273111910302518,0.7294847328244275,0.8826034063260338,0.9786407766990292,0.8715469613259668,0.4364548494983278,1.0
Malaysia_2018,0.7228686270361752,0.5539122137404581,0.765206812652068,0.6495145631067961,0.4917127071823205,0.520066889632107,0.12910284463894967
Spain_2018,0.7203300190395598,0.5968511450381678,0.9355231143552312,0.9368932038834952,0.6201657458563535,0.2374581939799331,0.16192560175054707
Colombia_2018,0.70975248572033,0.4580152671755725,0.8753041362530414,0.616504854368932,0.7334254143646408,0.16555183946488294,0.08533916849015317
Trinidad and Tobago_2018,0.6953670404061774,0.5834923664122137,0.9075425790754256,0.5475728155339805,0.7941988950276242,0.2859531772575251,0.04157549234135667
Slovakia_2018,0.6913475777448698,0.5772900763358778,0.9349148418491484,0.7533980582524271,0.4889502762430938,0.19732441471571907,0.030634573304157545
El Salvador_2018,0.6900782737465625,0.3845419847328244,0.7487834549878344,0.6203883495145631,0.6367403314917126,0.10869565217391304,0.17943107221006566
Nicaragua_2018,0.6845779564205627,0.3187022900763358,0.8023114355231142,0.6796116504854368,0.7279005524861878,0.3478260869565218,0.2800875273522976
Poland_2018,0.6807700444256398,0.5610687022900763,0.8807785888077859,0.758252427184466,0.7541436464088398,0.18060200668896326,0.1400437636761488
Bahrain_2018,0.6769621324307172,0.6383587786259542,0.8309002433090023,0.6776699029126213,0.8204419889502761,0.4063545150501672,0.2691466083150985
Uzbekistan_2018,0.6750581764332558,0.3430343511450382,0.9635036496350364,0.587378640776699,1.0,0.5484949832775919,0.5667396061269147
Kuwait_2018,0.6723080177702558,0.7032442748091603,0.7913625304136253,0.6553398058252428,0.7651933701657456,0.2792642140468227,0.23194748358862144
Thailand_2018,0.6699809604400254,0.4847328244274809,0.8619221411192213,0.6864077669902913,0.8798342541436464,0.6086956521739131,0.06345733041575492
Italy_2018,0.6547493124603343,0.6030534351145038,0.9130170316301702,0.9184466019417477,0.388121546961326,0.2290969899665552,0.06126914660831509
Ecuador_2018,0.6490374444679501,0.4241412213740458,0.8090024330900243,0.7145631067961165,0.7679558011049723,0.19063545150501676,0.26258205689277897
Belize_2018,0.645441083139412,0.3850190839694657,0.6697080291970803,0.4601941747572815,0.8190607734806629,0.3060200668896321,0.1947483588621444
Lithuania_2018,0.6445948804738737,0.5710877862595419,0.928832116788321,0.6951456310679611,0.4834254143646408,0.043478260869565216,0.01312910284463895
Slovenia_2018,0.643748677808335,0.5815839694656488,0.916058394160584,0.8310679611650486,0.8743093922651932,0.2675585284280937,0.11159737417943108
Romania_2018,0.6431140258091813,0.532442748091603,0.7414841849148418,0.7048543689320388,0.7292817679558009,0.14715719063545152,0.002188183807439825
Latvia_2018,0.6405754178125661,0.5477099236641221,0.8844282238442821,0.6514563106796115,0.5013812154696132,0.15384615384615385,0.14442013129102846
Japan_2018,0.6367675058176433,0.6173664122137404,0.8892944038929439,0.9592233009708736,0.7638121546961324,0.13210702341137126,0.3282275711159737
Mauritius_2018,0.631690289824413,0.5200381679389313,0.8436739659367395,0.6640776699029126,0.8066298342541435,0.4096989966555184,0.10940919037199123
Jamaica_2018,0.6314787391580283,0.3907442748091603,0.9081508515815084,0.6728155339805825,0.7941988950276242,0.1605351170568562,0.06783369803063458
South Korea_2018,0.6283054791622593,0.6040076335877862,0.7323600973236009,0.9271844660194174,0.3370165745856353,0.2926421404682274,0.11159737417943108
Russia_2018,0.6145546858472604,0.5491412213740458,0.8996350364963503,0.5815533980582523,0.5511049723756904,0.10869565217391304,0.054704595185995616
Kazakhstan_2018,0.6103236725195684,0.545324427480916,0.9221411192214112,0.6126213592233011,0.6270718232044198,0.2474916387959867,0.2647702407002188
Cyprus_2018,0.6044002538607998,0.586354961832061,0.7244525547445254,0.8825242718446602,0.5842541436464087,0.3377926421404682,0.07658643326039387
Bolivia_2018,0.6022847471969538,0.3583015267175572,0.7439172749391726,0.4932038834951456,0.8370165745856353,0.2357859531772575,0.11816192560175055
Estonia_2018,0.5995345885339538,0.5725190839694656,0.9318734793187348,0.7155339805825243,0.7638121546961324,0.14381270903010032,0.3807439824945295
Paraguay_2018,0.5872646498836471,0.3983778625954198,0.9257907542579074,0.5970873786407767,0.7472375690607734,0.2709030100334449,0.16192560175054707
Peru_2018,0.5834567378887242,0.4456106870229008,0.7597323600973236,0.654368932038835,0.7320441988950276,0.15384615384615385,0.07439824945295405
Moldova_2018,0.5785910725618785,0.31345419847328243,0.7913625304136253,0.6019417475728155,0.3204419889502762,0.2859531772575251,0.0
Turkmenistan_2018,0.5777448698963402,0.4847328244274809,0.9324817518248176,0.5019417475728155,0.5759668508287292,0.3327759197324415,0.08096280087527354
Hungary_2018,0.5743600592341866,0.5586832061068703,0.8521897810218978,0.7106796116504854,0.3577348066298342,0.1020066889632107,0.04814004376367615
Libya_2018,0.5629363232494182,0.46994274809160297,0.8211678832116788,0.5368932038834949,0.6850828729281767,0.19397993311036787,0.3238512035010941
Philippines_2018,0.5540511952612651,0.36975190839694655,0.7980535279805351,0.4980582524271845,0.8881215469613258,0.20066889632107024,0.2297592997811816
Honduras_2018,0.549820181933573,0.2958015267175572,0.7329683698296837,0.603883495145631,0.6339779005524859,0.3294314381270903,0.16192560175054707
Belarus_2018,0.5453776179394965,0.495706106870229,0.9111922141119222,0.6796116504854368,0.42403314917127066,0.1688963210702341,0.336980306345733
Turkey_2018,0.5453776179394965,0.5477099236641221,0.8394160583941604,0.6660194174757281,0.4475138121546961,0.17725752508361206,0.2385120350109409
Pakistan_2018,0.543050560609266,0.3110687022900763,0.4927007299270073,0.4116504854368932,0.4613259668508286,0.3612040133779265,0.2472647702407002
Hong Kong_2018,0.5341654326211127,0.670324427480916,0.7846715328467153,1.0,0.723756906077348,0.4113712374581941,0.6367614879649891
Portugal_2018,0.5299344192934208,0.5667938931297709,0.8692214111922141,0.8582524271844659,0.7762430939226519,0.0919732441471572,0.037199124726477024
Serbia_2018,0.5273958112968056,0.4651717557251908,0.8327250608272505,0.6650485436893204,0.3977900552486188,0.22408026755852845,0.09409190371991248
Greece_2018,0.5189337846414216,0.5505725190839695,0.7311435523114355,0.8533980582524272,0.180939226519337,0.0,0.0962800875273523
Lebanon_2018,0.5189337846414216,0.4604007633587786,0.7171532846715328,0.7621359223300971,0.6947513812154695,0.35785953177257523,0.2975929978118162
Montenegro_2018,0.5166067273111912,0.4852099236641222,0.7779805352798054,0.7077669902912622,0.3577348066298342,0.18561872909699,0.1772428884026258
Croatia_2018,0.5111064099851916,0.5319656488549618,0.7062043795620437,0.7155339805825243,0.5248618784530387,0.20066889632107024,0.08533916849015317
Dominican Republic_2018,0.5070869473238842,0.4685114503816794,0.8765206812652067,0.5961165048543691,0.7983425414364639,0.20066889632107024,0.23194748358862144
Algeria_2018,0.5056060926591919,0.4670801526717557,0.7019464720194647,0.6669902912621359,0.106353591160221,0.0919732441471572,0.29540481400437635
Morocco_2018,0.4969325153374232,0.37166030534351147,0.4847931873479319,0.6495145631067961,0.6353591160220994,0.043478260869565216,0.16192560175054707
China_2018,0.4952401100063466,0.471851145038168,0.6946472019464721,0.7757281553398059,0.8245856353591159,0.04849498327759197,0.225382932166302
Azerbaijan_2018,0.4857203300190397,0.4885496183206106,0.7062043795620437,0.5854368932038835,0.5939226519337015,0.05183946488294314,0.3851203501094092
Tajikistan_2018,0.4852972286862704,0.2261450381679389,0.7092457420924573,0.5805825242718446,0.4033149171270717,0.3127090301003345,0.07439824945295405
North Macedonia_2018,0.4823355193568859,0.4575381679389313,0.7536496350364964,0.6708737864077671,0.5441988950276242,0.2892976588628763,0.1137855579868709
Jordan_2018,0.4772583033636557,0.392175572519084,0.7694647201946471,0.6262135922330098,0.6464088397790054,0.2173913043478261,0.29321663019693656
Nigeria_2018,0.4759889993653481,0.32872137404580154,0.7128953771289537,0.04660194174757282,0.6381215469613261,0.3361204013377927,0.0700218818380744
Kyrgyzstan_2018,0.4709117833721177,0.2528625954198473,0.8613138686131385,0.5766990291262135,0.7458563535911602,0.4698996655518395,0.07658643326039387
Bosnia and Herzegovina_2018,0.4704886820393484,0.4365458015267176,0.6557177615571776,0.7359223300970874,0.3867403314917127,0.3612040133779265,0.0
Mongolia_2018,0.4696424793738101,0.4360687022900763,0.9227493917274938,0.5582524271844661,0.5455801104972375,0.4230769230769231,0.0700218818380744
Vietnam_2018,0.4649883647133488,0.34112595419847325,0.8302919708029196,0.6815533980582524,0.8535911602209943,0.29598662207357856,0.17286652078774614
Indonesia_2018,0.4628728580495029,0.42891221374045796,0.7390510948905109,0.5067961165048543,0.7430939226519335,0.8093645484949833,0.03938730853391685
Bhutan_2018,0.4605458007192722,0.37977099236641215,0.8120437956204378,0.5116504854368932,0.7472375690607734,0.6086956521739131,0.3741794310722101
Cameroon_2018,0.4379098794161201,0.25524809160305345,0.5419708029197079,0.17669902912621355,0.6270718232044198,0.3060200668896321,0.09409190371991248
Bulgaria_2018,0.42902475142796703,0.5028625954198473,0.9215328467153284,0.6912621359223301,0.4958563535911602,0.10702341137123747,0.019693654266958426
Nepal_2018,0.4178125661095832,0.20276717557251908,0.7469586374695864,0.5233009708737865,0.7265193370165746,0.5050167224080268,0.17067833698030635
Gabon_2018,0.39200338481066216,0.4942748091603054,0.708029197080292,0.3922330097087378,0.4917127071823205,0.053511705685618735,0.1137855579868709
Palestinian Territories_2018,0.3888301248148933,0.3062977099236641,0.7402676399026764,0.5844660194174757,0.367403314917127,0.14381270903010032,0.16630196936542668
South Africa_2018,0.3848106621535857,0.448473282442748,0.8576642335766422,0.32038834951456313,0.7127071823204421,0.1722408026755853,0.12253829321663018
Iran_2018,0.3812143008250476,0.5052480916030535,0.4689781021897809,0.6708737864077671,0.6339779005524859,0.471571906354515,0.28227571115973743
Ivory Coast_2018,0.3735984768352021,0.2581106870229008,0.5304136253041362,0.07766990291262135,0.6450276243093922,0.24414715719063546,0.225382932166302
Ghana_2018,0.3706367675058176,0.2824427480916031,0.5450121654501215,0.3271844660194175,0.6892265193370165,0.3545150501672241,0.06345733041575492
Senegal_2018,0.3651364501798181,0.204675572519084,0.6794403892944039,0.4203883495145631,0.5607734806629834,0.2307692307692308,0.17943107221006566
Laos_2018,0.3634440448487413,0.3435114503816793,0.6289537712895377,0.4281553398058252,0.8646408839779004,0.38461538461538464,0.3807439824945295
Tunisia_2018,0.35688597419081863,0.4293893129770992,0.5510948905109488,0.6699029126213591,0.3743093922651933,0.06688963210702342,0.13785557986870894
Albania_2018,0.3556166701925112,0.4370229007633587,0.4969586374695864,0.7669902912621359,0.5787292817679557,0.2491638795986622,0.0700218818380744
Sierra Leone_2018,0.35244341019674225,0.12213740458015268,0.4945255474452554,0.0,0.4903314917127071,0.39799331103678937,0.11597374179431072
Congo (Brazzaville)_2018,0.34990480220012704,0.32538167938931295,0.49330900243309,0.3330097087378641,0.7099447513812154,0.15217391304347827,0.1684901531728665
Bangladesh_2018,0.3374233128834356,0.2538167938931298,0.5170316301703163,0.562135922330097,0.8011049723756904,0.2558528428093645,0.3150984682713348
Sri Lanka_2018,0.33128834355828224,0.4379770992366412,0.7992700729927007,0.6524271844660194,0.8080110497237568,0.5133779264214047,0.10940919037199123
Iraq_2018,0.3281150835625133,0.4818702290076336,0.5906326034063261,0.5203883495145631,0.4198895027624309,0.2474916387959867,0.20787746170678334
Mali_2018,0.3262111275650519,0.1765267175572519,0.7499999999999999,0.14757281553398058,0.5069060773480663,0.2324414715719064,0.12253829321663018
Namibia_2018,0.3249418235667442,0.4169847328244275,0.7791970802919707,0.35436893203883496,0.7168508287292817,0.08528428093645485,0.1400437636761488
Cambodia_2018,0.32324941823566744,0.2619274809160305,0.6618004866180048,0.4436893203883495,0.9613259668508284,0.4280936454849499,0.1422319474835886
Burkina Faso_2018,0.321345462238206,0.1498091603053435,0.6672749391727493,0.2466019417475728,0.43093922651933697,0.2926421404682274,0.2800875273522976
Egypt_2018,0.320287708906283,0.4222328244274809,0.6234793187347931,0.5368932038834949,0.43093922651933697,0.15384615384615385,0.2341356673960613
Mozambique_2018,0.3198646075735138,0.09446564885496184,0.548661800486618,0.1679611650485437,0.7334254143646408,0.3444816053511706,0.34573304157549234
Kenya_2018,0.3183837529088217,0.2352099236641221,0.6374695863746959,0.4407766990291261,0.6961325966850828,0.5886287625418061,0.12035010940919035
Zambia_2018,0.3114025809181299,0.2681297709923664,0.636861313868613,0.28640776699029125,0.6947513812154695,0.3695652173913044,0.17943107221006566
Mauritania_2018,0.3069600169240533,0.2657442748091603,0.7572992700729927,0.2834951456310679,0.1781767955801105,0.22408026755852845,0.20350109409190373
Ethiopia_2018,0.3056907129257457,0.14694656488549618,0.5778588807785887,0.3796116504854369,0.6243093922651933,0.3678929765886288,0.3194748358862144
Georgia_2018,0.3035752062618997,0.4069656488549618,0.36009732360097324,0.6242718446601941,0.5179558011049723,0.06354515050167224,0.4704595185995624
Armenia_2018,0.2995557436005925,0.3893129770992366,0.6021897810218978,0.6466019417475727,0.3591160220994475,0.12876254180602004,0.06126914660831509
Myanmar_2018,0.2968055849375925,0.32538167938931295,0.7141119221411193,0.416504854368932,0.8011049723756904,1.0,0.3894967177242888
Chad_2018,0.2953247302729004,0.17080152671755724,0.5517031630170316,0.05145631067961165,0.261049723756906,0.302675585284281,0.13129102844638948
Congo (Kinshasa)_2018,0.28347789295536285,0.032919847328244274,0.6909975669099756,0.19805825242718444,0.43093922651933697,0.3294314381270903,0.1137855579868709
India_2018,0.27184260630421,0.3439885496183206,0.4543795620437956,0.470873786407767,0.7444751381215469,0.28762541806020064,0.20350109409190373
Niger_2018,0.2667653903109796,0.0625,0.5273722627737226,0.2145631067961165,0.5386740331491712,0.2926421404682274,0.21663019693654267
Uganda_2018,0.2657076369790566,0.15362595419847327,0.6630170316301703,0.2300970873786408,0.6215469613259668,0.43311036789297663,0.1334792122538293
Benin_2018,0.2614766236513645,0.1803435114503817,0.2262773722627737,0.2330097087378641,0.6077348066298341,0.27257525083612044,0.14660831509846828
Sudan_2018,0.2610535223185952,0.2886450381679389,0.7542579075425792,0.3029126213592233,0.022099447513812157,0.22408026755852845,0.17943107221006566
Ukraine_2018,0.2534376983287497,0.3783396946564885,0.8594890510948905,0.5912621359223301,0.2251381215469613,0.3127090301003345,0.024070021881838075
Togo_2018,0.2314364290247514,0.12356870229007635,0.2883211678832117,0.24563106796116504,0.5994475138121547,0.2642140468227425,0.22100656455142229
Guinea_2018,0.22403215570129048,0.16412213740458012,0.4817518248175182,0.20485436893203884,0.5441988950276242,0.3093645484949833,0.20568927789934355
Lesotho_2018,0.1910302517452931,0.2251908396946565,0.7390510948905109,0.0766990291262136,0.5842541436464087,0.19397993311036787,0.2450765864332604
Angola_2018,0.1882800930822932,0.3482824427480916,0.6843065693430657,0.2611650485436893,0.0,0.13210702341137126,0.1334792122538293
Madagascar_2018,0.18383752908821654,0.125,0.5523114355231142,0.3902912621359224,0.3052486187845304,0.2591973244147157,0.10722100656455144
Zimbabwe_2018,0.16649037444467948,0.17032442748091606,0.6654501216545012,0.2407766990291262,0.5607734806629834,0.22073578595317728,0.21663019693654267
Afghanistan_2018,0.1537973344616035,0.1583969465648855,0.3266423357664234,0.24757281553398056,0.11740331491712705,0.3193979933110368,0.0787746170678337
Botswana_2018,0.1449122064734504,0.4852099236641222,0.7141119221411193,0.4048543689320389,0.7693370165745856,0.07023411371237459,0.20131291028446388
Malawi_2018,0.14427755447429658,0.08874045801526717,0.3290754257907543,0.2970873786407767,0.7334254143646408,0.3511705685618729,0.175054704595186
Haiti_2018,0.1432198011423736,0.15028625954198474,0.4343065693430657,0.28058252427184466,0.03453038674033149,0.6555183946488294,0.2275711159737418
Liberia_2018,0.12481489316691352,0.036259541984732815,0.5218978102189781,0.2592233009708738,0.5787292817679557,0.3444816053511706,0.06564551422319474
Rwanda_2018,0.10640998519145337,0.1583969465648855,0.5450121654501215,0.3883495145631068,0.878453038674033,0.3344481605351171,0.9715536105032824
Yemen_2018,0.09519779987306964,0.21087786259541985,0.6526763990267639,0.3330097087378641,0.3370165745856353,0.1387959866220736,0.1400437636761488
Tanzania_2018,0.08419716522107047,0.21708015267175573,0.6027980535279804,0.3699029126213592,0.6643646408839778,0.4515050167224081,0.21225382932166295
Central African Republic_2018,0.03765601861645872,0.011450381679389313,0.0,0.009708737864077669,0.42127071823204415,0.3645484949832776,0.08315098468271334
Burundi_2018,0.0,0.043416030534351134,0.38138686131386856,0.1407766990291262,0.08977900552486187,0.2491638795986622,0.16630196936542668
