Country_Year,GNI_per_cap,Labor_force,Life_expectancy,Population
Afghanistan_2015,600.0,9176450.0,63.376999999999995,34413603.0
Afghanistan_2016,570.0,9566712.0,63.763000000000005,35383128.0
Afghanistan_2017,560.0,9947922.0,64.13,36296400.0
Afghanistan_2018,550.0,10334090.0,64.486,37172386.0
Angola_2015,4520.0,11437925.0,59.398,27884381.0
Angola_2016,3770.0,11848410.0,59.925,28842484.0
Angola_2017,3450.0,12268842.0,60.379,29816748.0
Angola_2018,3210.0,12705486.0,60.782,30809762.0
Albania_2015,4390.0,1289562.0,78.025,2880703.0
Albania_2016,4320.0,1302836.0,78.194,2876101.0
Albania_2017,4290.0,1316869.0,78.333,2873457.0
Albania_2018,4860.0,1318022.0,78.458,2866376.0
United Arab Emirates_2015,42860.0,6600371.0,77.285,9262900.0
United Arab Emirates_2016,40570.0,6612725.0,77.47,9360980.0
United Arab Emirates_2017,39290.0,6676278.0,77.64699999999999,9487203.0
United Arab Emirates_2018,41470.0,6752973.0,77.814,9630959.0
Argentina_2015,12570.0,19360544.0,76.068,43131966.0
Argentina_2016,12220.0,19696452.0,76.221,43590368.0
Argentina_2017,13120.0,20035267.0,76.372,44044811.0
Argentina_2018,12390.0,20551682.0,76.52,44494502.0
Armenia_2015,4010.0,1334775.0,74.467,2925553.0
Armenia_2016,3760.0,1310061.0,74.64,2936146.0
Armenia_2017,3950.0,1303653.0,74.797,2944809.0
Armenia_2018,4230.0,1303093.0,74.945,2951776.0
Australia_2015,60500.0,12585539.0,82.4,23815995.0
Australia_2016,54140.0,12742247.0,82.44878048780491,24190907.0
Australia_2017,51600.0,12989073.0,82.5,24601860.0
Australia_2018,53250.0,13254463.0,82.74878048780491,24982688.0
Austria_2015,47450.0,4460833.0,81.19024390243901,8642699.0
Austria_2016,46220.0,4537043.0,81.6414634146342,8736668.0
Austria_2017,45150.0,4566743.0,81.64390243902442,8797566.0
Austria_2018,49400.0,4601213.0,81.6926829268293,8840521.0
Azerbaijan_2015,6570.0,4875807.0,72.266,9649341.0
Azerbaijan_2016,4760.0,4969726.0,72.493,9757812.0
Azerbaijan_2017,4090.0,5033862.0,72.693,9854033.0
Azerbaijan_2018,4060.0,5091052.0,72.86399999999999,9939771.0
Burundi_2015,260.0,4350268.0,60.123000000000005,10160030.0
Burundi_2016,270.0,4503184.0,60.528,10487998.0
Burundi_2017,280.0,4660778.0,60.898,10827024.0
Burundi_2018,280.0,4822373.0,61.247,11175378.0
Belgium_2015,45540.0,5000910.0,80.9926829268293,11274196.0
Belgium_2016,43440.0,5005505.0,81.4390243902439,11331422.0
Belgium_2017,42750.0,5037405.0,81.4926829268293,11375158.0
Belgium_2018,45940.0,5089752.0,81.5951219512195,11427054.0
Benin_2015,1180.0,4264772.0,60.608000000000004,10575952.0
Benin_2016,1110.0,4397957.0,60.885,10872067.0
Benin_2017,1090.0,4535767.0,61.174,11175204.0
Benin_2018,1200.0,4678297.0,61.47,11485048.0
Burkina Faso_2015,700.0,6572285.0,59.919,18110624.0
Burkina Faso_2016,660.0,6787426.0,60.354,18646378.0
Burkina Faso_2017,680.0,7009083.0,60.768,19193284.0
Burkina Faso_2018,760.0,7238229.0,61.174,19751535.0
Bangladesh_2015,1220.0,62595846.0,71.514,156256276.0
Bangladesh_2016,1370.0,63698450.0,71.785,157970840.0
Bangladesh_2017,1520.0,67454903.0,72.05199999999999,159670593.0
Bangladesh_2018,1750.0,68791250.0,72.32,161356039.0
Bulgaria_2015,7450.0,3333802.0,74.6146341463415,7177991.0
Bulgaria_2016,7430.0,3264392.0,74.8121951219512,7127822.0
Bulgaria_2017,7640.0,3357160.0,74.81463414634149,7075947.0
Bulgaria_2018,8910.0,3327614.0,74.9634146341464,7025037.0
Bahrain_2015,22660.0,777895.0,76.762,1371851.0
Bahrain_2016,21610.0,817831.0,76.899,1425791.0
Bahrain_2017,21180.0,869405.0,77.032,1494074.0
Bahrain_2018,21900.0,926959.0,77.163,1569439.0
Bosnia and Herzegovina_2015,5210.0,1363985.0,76.865,3429361.0
Bosnia and Herzegovina_2016,5130.0,1347240.0,76.998,3386267.0
Bosnia and Herzegovina_2017,5110.0,1328960.0,77.128,3351527.0
Bosnia and Herzegovina_2018,5740.0,1319691.0,77.262,3323929.0
Belarus_2015,6710.0,5106430.0,73.6243902439025,9489616.0
Belarus_2016,5620.0,5106665.0,73.8268292682927,9501534.0
Belarus_2017,5300.0,5097017.0,74.12926829268291,9498264.0
Belarus_2018,5700.0,5087320.0,74.1756097560976,9483499.0
Belize_2016,4340.0,164047.0,74.219,368400.0
Belize_2017,4310.0,168345.0,74.365,375769.0
Belize_2018,4450.0,173515.0,74.49600000000001,383071.0
Bolivia_2015,2960.0,4925990.0,70.277,10869730.0
Bolivia_2016,3040.0,5080592.0,70.626,11031813.0
Bolivia_2017,3090.0,5293299.0,70.945,11192854.0
Bolivia_2018,3370.0,5631725.0,71.23899999999999,11353142.0
Brazil_2015,10190.0,101600929.0,74.994,204471769.0
Brazil_2016,8920.0,102508951.0,75.23,206163058.0
Brazil_2017,8700.0,104260712.0,75.456,207833831.0
Brazil_2018,9080.0,105542232.0,75.672,209469333.0
Bhutan_2015,2520.0,348432.0,70.419,727876.0
Bhutan_2016,2650.0,356732.0,70.781,736709.0
Bhutan_2017,2800.0,364557.0,71.12899999999999,745568.0
Bhutan_2018,2970.0,371964.0,71.46,754394.0
Botswana_2015,6840.0,978489.0,67.33800000000001,2120716.0
Botswana_2016,6570.0,999036.0,68.178,2159944.0
Botswana_2017,6730.0,1023359.0,68.812,2205128.0
Botswana_2018,7410.0,1049545.0,69.275,2254126.0
Central African Republic_2015,400.0,1791677.0,50.881,4493170.0
Central African Republic_2017,440.0,1838756.0,52.24,4596028.0
Central African Republic_2018,490.0,1871101.0,52.805,4666377.0
Canada_2015,47570.0,19679325.0,81.9,35702908.0
Canada_2016,43870.0,19887912.0,81.9,36109487.0
Canada_2017,42990.0,20164604.0,81.94878048780491,36543321.0
Canada_2018,45000.0,20344918.0,81.94878048780491,37057765.0
Switzerland_2015,85800.0,4813826.0,82.89756097560979,8282396.0
Switzerland_2016,82110.0,4889830.0,83.60243902439029,8373338.0
Switzerland_2017,81120.0,4919831.0,83.55121951219509,8451840.0
Switzerland_2018,84430.0,4953967.0,83.7536585365854,8514329.0
Chile_2015,14130.0,8861615.0,79.646,17969353.0
Chile_2016,13370.0,9001237.0,79.779,18209068.0
Chile_2017,13270.0,9208644.0,79.90899999999999,18470439.0
Chile_2018,14620.0,9391133.0,80.042,18729160.0
China_2015,7940.0,784597090.0,75.928,1371220000.0
China_2016,8270.0,784950069.0,76.21,1378665000.0
China_2017,8740.0,784839482.0,76.47,1386395000.0
China_2018,9620.0,783424134.0,76.704,1392730000.0
Ivory Coast_2015,1660.0,7697108.0,56.065,23226143.0
Ivory Coast_2016,1840.0,7849976.0,56.567,23822714.0
Ivory Coast_2017,2030.0,8067108.0,57.016999999999996,24437469.0
Ivory Coast_2018,2180.0,8294855.0,57.422,25069229.0
Cameroon_2015,1440.0,10091929.0,57.583,23298368.0
Cameroon_2016,1380.0,10392255.0,58.063,23926539.0
Cameroon_2017,1340.0,10703273.0,58.511,24566045.0
Cameroon_2018,1440.0,11023646.0,58.92100000000001,25216237.0
Congo (Kinshasa)_2015,460.0,26127406.0,59.254,76244544.0
Congo (Kinshasa)_2016,470.0,26995422.0,59.655,78789127.0
Congo (Kinshasa)_2017,460.0,27898477.0,60.026,81398764.0
Congo (Kinshasa)_2018,500.0,28829943.0,60.368,84068091.0
Congo (Brazzaville)_2015,2420.0,1960470.0,63.097,4856095.0
Congo (Brazzaville)_2016,1820.0,2013099.0,63.556000000000004,4980999.0
Congo (Brazzaville)_2017,1510.0,2068663.0,63.95399999999999,5110702.0
Congo (Brazzaville)_2018,1680.0,2124852.0,64.29,5244363.0
Colombia_2015,7330.0,25054953.0,76.531,47520667.0
Colombia_2016,6460.0,25429174.0,76.732,48171392.0
Colombia_2017,5930.0,25860138.0,76.925,48901066.0
Colombia_2018,6260.0,26229069.0,77.109,49648685.0
Comoros_2015,1380.0,199105.0,63.471000000000004,777424.0
Comoros_2016,1320.0,204984.0,63.7,795592.0
Costa Rica_2015,10400.0,2338013.0,79.565,4847804.0
Costa Rica_2016,10770.0,2272972.0,79.738,4899345.0
Costa Rica_2017,11150.0,2336778.0,79.914,4949954.0
Costa Rica_2018,11590.0,2445858.0,80.095,4999441.0
Cyprus_2015,25960.0,604302.0,80.35,1160985.0
Cyprus_2016,24700.0,603072.0,80.513,1170187.0
Cyprus_2017,24580.0,611083.0,80.672,1179680.0
Cyprus_2018,26620.0,625713.0,80.828,1189265.0
Czech Republic_2015,18260.0,5337426.0,78.57804878048779,10546059.0
Czech Republic_2016,17590.0,5388569.0,79.0268292682927,10566332.0
Czech Republic_2017,17970.0,5419544.0,78.9780487804878,10594438.0
Czech Republic_2018,20230.0,5453301.0,79.0292682926829,10629928.0
Germany_2015,45850.0,42592924.0,80.64146341463409,81686611.0
Germany_2016,44290.0,43055076.0,80.990243902439,82348669.0
Germany_2017,43680.0,43289005.0,80.9926829268293,82657002.0
Germany_2018,47150.0,43560137.0,80.8926829268293,82905782.0
Djibouti_2015,2730.0,383775.0,64.13600000000001,913993.0
Denmark_2015,60510.0,2931334.0,80.7024390243902,5683483.0
Denmark_2016,58040.0,3024663.0,80.85365853658541,5728010.0
Denmark_2017,56210.0,2986512.0,81.10243902439029,5764980.0
Denmark_2018,60920.0,3014756.0,80.95365853658541,5793636.0
Dominican Republic_2015,6580.0,4663162.0,73.241,10281680.0
Dominican Republic_2016,6860.0,4763649.0,73.471,10397743.0
Dominican Republic_2017,7090.0,4838602.0,73.689,10513131.0
Dominican Republic_2018,7760.0,4917459.0,73.892,10627165.0
Algeria_2015,4850.0,11742189.0,76.09,39728025.0
Algeria_2016,4370.0,11904866.0,76.298,40551404.0
Algeria_2017,3920.0,12051687.0,76.499,41389198.0
Algeria_2018,3960.0,12173459.0,76.693,42228429.0
Ecuador_2015,5970.0,7645634.0,76.143,16212020.0
Ecuador_2016,5810.0,8042861.0,76.365,16491115.0
Ecuador_2017,5860.0,8305745.0,76.584,16785361.0
Ecuador_2018,6090.0,8365114.0,76.8,17084357.0
Egypt_2015,3360.0,29541725.0,71.30199999999999,92442547.0
Egypt_2016,3460.0,29891673.0,71.482,94447072.0
Egypt_2017,3040.0,29629276.0,71.656,96442593.0
Egypt_2018,2800.0,30177778.0,71.825,98423595.0
Spain_2015,28430.0,23115401.0,82.8317073170732,46444832.0
Spain_2016,27530.0,23103511.0,83.32926829268291,46484062.0
Spain_2017,27060.0,23047059.0,83.28292682926829,46593236.0
Spain_2018,29320.0,23065037.0,83.4317073170732,46797754.0
Estonia_2015,18680.0,686173.0,77.590243902439,1315407.0
Estonia_2016,18280.0,695266.0,77.6414634146342,1315790.0
Estonia_2017,18750.0,703684.0,78.0926829268293,1317384.0
Estonia_2018,21350.0,705816.0,78.24390243902441,1321977.0
Ethiopia_2015,600.0,46718750.0,65.048,100835458.0
Ethiopia_2016,670.0,48240655.0,65.482,103603501.0
Ethiopia_2017,740.0,49804178.0,65.872,106400024.0
Ethiopia_2018,800.0,51412462.0,66.24,109224559.0
Finland_2015,47150.0,2695658.0,81.4804878048781,5479531.0
Finland_2016,45490.0,2688556.0,81.4292682926829,5495303.0
Finland_2017,44740.0,2709345.0,81.63170731707321,5508214.0
Finland_2018,48300.0,2742737.0,81.7341463414634,5515525.0
France_2015,41100.0,30138027.0,82.3219512195122,66548272.0
France_2016,39070.0,30197208.0,82.5731707317073,66724104.0
France_2017,38340.0,30236456.0,82.57560975609759,66864379.0
France_2018,41080.0,30391825.0,82.7243902439024,66965912.0
Gabon_2015,7970.0,636572.0,64.913,1947686.0
Gabon_2016,7080.0,659706.0,65.418,2007873.0
Gabon_2017,6510.0,681829.0,65.839,2064823.0
Gabon_2018,6830.0,702504.0,66.187,2119275.0
United Kingdom_2015,44290.0,33481424.0,80.95609756097559,65116219.0
United Kingdom_2016,42980.0,33801224.0,81.1560975609756,65611593.0
United Kingdom_2017,41370.0,34014019.0,81.25609756097559,66058859.0
United Kingdom_2018,41730.0,34329233.0,81.25609756097559,66460344.0
Georgia_2015,4410.0,2090740.0,72.973,3725276.0
Georgia_2016,4080.0,2059913.0,73.207,3727505.0
Georgia_2017,4040.0,2051071.0,73.414,3728004.0
Georgia_2018,4460.0,2040890.0,73.6,3726549.0
Ghana_2015,1940.0,11708016.0,62.772,27849205.0
Ghana_2016,1820.0,12006769.0,63.123999999999995,28481946.0
Ghana_2017,1890.0,12304378.0,63.463,29121471.0
Ghana_2018,2130.0,12611514.0,63.78,29767108.0
Guinea_2015,760.0,3915430.0,59.598,11432088.0
Guinea_2016,780.0,4029992.0,60.17,11738441.0
Guinea_2017,830.0,4151690.0,60.706,12067539.0
Guinea_2018,850.0,4285745.0,61.185,12414318.0
Greece_2015,20320.0,4825534.0,81.0365853658537,10820883.0
Greece_2016,18890.0,4821995.0,81.3878048780488,10775971.0
Greece_2017,18360.0,4812433.0,81.2878048780488,10754679.0
Greece_2018,19620.0,4804346.0,81.7878048780488,10732882.0
Guatemala_2015,3700.0,6097908.0,73.25,15567419.0
Guatemala_2016,3870.0,6307795.0,73.541,15827690.0
Guatemala_2017,4090.0,6498737.0,73.81,16087418.0
Guatemala_2018,4390.0,6680520.0,74.063,16346950.0
Hong Kong_2015,41180.0,3935838.0,84.2780487804878,7291300.0
Hong Kong_2016,42970.0,3951196.0,84.2268292682927,7336600.0
Hong Kong_2017,46390.0,3962081.0,84.6804878048781,7391700.0
Hong Kong_2018,50060.0,3964816.0,84.9341463414634,7451000.0
Honduras_2015,2060.0,4020478.0,74.495,9112916.0
Honduras_2016,2120.0,4109395.0,74.70100000000001,9270795.0
Honduras_2017,2250.0,4273483.0,74.898,9429013.0
Honduras_2018,2320.0,4499704.0,75.08800000000001,9587522.0
Croatia_2015,12970.0,1887533.0,77.2756097560976,4203604.0
Croatia_2016,12380.0,1828434.0,78.0219512195122,4174349.0
Croatia_2017,12640.0,1821368.0,77.8268292682927,4124531.0
Croatia_2018,14010.0,1794730.0,78.0707317073171,4087843.0
Haiti_2015,820.0,4664609.0,62.485,10695542.0
Haiti_2016,780.0,4768066.0,62.896,10839970.0
Haiti_2017,760.0,4871279.0,63.29,10982366.0
Haiti_2018,800.0,4975289.0,63.66,11123176.0
Hungary_2015,13220.0,4617150.0,75.56829268292691,9843028.0
Hungary_2016,13050.0,4685790.0,76.0634146341464,9814023.0
Hungary_2017,13080.0,4714349.0,75.8170731707317,9787966.0
Hungary_2018,14760.0,4731877.0,76.0658536585366,9775564.0
Indonesia_2015,3430.0,124649774.0,70.768,258383256.0
Indonesia_2016,3400.0,125957742.0,71.035,261554226.0
Indonesia_2017,3530.0,129622071.0,71.282,264645886.0
Indonesia_2018,3850.0,132737405.0,71.509,267663435.0
India_2015,1600.0,476339891.0,68.607,1310152403.0
India_2016,1680.0,480525905.0,68.89699999999999,1324509589.0
India_2017,1830.0,484231730.0,69.165,1338658835.0
India_2018,2010.0,487622021.0,69.416,1352617328.0
Ireland_2015,50350.0,2283198.0,81.45365853658541,4701957.0
Ireland_2016,52490.0,2321591.0,81.65365853658541,4755335.0
Ireland_2017,53480.0,2344064.0,82.1560975609756,4807388.0
Ireland_2018,59640.0,2385556.0,82.25609756097559,4867316.0
Iran_2015,5370.0,25359406.0,75.796,78492215.0
Iran_2016,5500.0,26559651.0,76.047,79564016.0
Iran_2017,5420.0,27419237.0,76.271,80673951.0
Iran_2018,5430.0,27770616.0,76.479,81800269.0
Iraq_2015,5930.0,9491635.0,69.929,35572261.0
Iraq_2016,5620.0,9813997.0,70.122,36610632.0
Iraq_2017,4880.0,9800982.0,70.294,37552781.0
Iraq_2018,5060.0,10146991.0,70.454,38433600.0
Iceland_2015,50160.0,203034.0,82.4682926829268,330815.0
Iceland_2016,55150.0,208261.0,82.2048780487805,335439.0
Iceland_2017,60530.0,210583.0,82.6609756097561,343400.0
Iceland_2018,67890.0,212899.0,82.8609756097561,352721.0
Israel_2015,36030.0,3876919.0,82.05121951219509,8380100.0
Israel_2016,36360.0,3955835.0,82.4073170731707,8546000.0
Israel_2017,37420.0,4024831.0,82.55121951219509,8713300.0
Israel_2018,40930.0,4102822.0,82.8024390243903,8882800.0
Italy_2015,32980.0,25541895.0,82.54390243902441,60730582.0
Italy_2016,31950.0,25812533.0,83.24390243902441,60627498.0
Italy_2017,31360.0,25985917.0,82.94634146341471,60536709.0
Italy_2018,33770.0,26034264.0,83.34634146341459,60421760.0
Jamaica_2015,4710.0,1402369.0,74.098,2891021.0
Jamaica_2016,4600.0,1445230.0,74.175,2906238.0
Jamaica_2017,4740.0,1476965.0,74.267,2920853.0
Jamaica_2018,4970.0,1473383.0,74.368,2934855.0
Jordan_2015,3900.0,2329440.0,74.078,9266575.0
Jordan_2016,3930.0,2423692.0,74.184,9551467.0
Jordan_2017,4020.0,2506538.0,74.292,9779173.0
Jordan_2018,4200.0,2579658.0,74.405,9956011.0
Japan_2015,38840.0,66363530.0,83.79390243902441,127141000.0
Japan_2016,37860.0,66850743.0,83.9848780487805,126994511.0
Japan_2017,38490.0,67288388.0,84.099756097561,126785797.0
Japan_2018,41150.0,68358370.0,84.2109756097561,126529100.0
Kazakhstan_2015,11380.0,9116395.0,72.0,17542806.0
Kazakhstan_2016,8770.0,9070629.0,72.3,17794055.0
Kazakhstan_2017,8040.0,9003750.0,72.95,18037776.0
Kazakhstan_2018,8070.0,9030838.0,73.15,18276498.5
Kenya_2015,1290.0,20855980.0,64.798,47878336.0
Kenya_2016,1350.0,21750718.0,65.393,49051686.0
Kenya_2017,1420.0,22401022.0,65.90899999999999,50221473.0
Kenya_2018,1600.0,23057935.0,66.342,51393010.0
Kyrgyzstan_2015,1180.0,2545568.0,70.6512195121951,5956900.0
Kyrgyzstan_2016,1110.0,2548381.0,70.9512195121951,6079500.0
Kyrgyzstan_2017,1110.0,2530722.0,71.2,6198200.0
Kyrgyzstan_2018,1220.0,2564912.0,71.4,6322800.0
Cambodia_2015,1060.0,8527881.0,68.637,15521436.0
Cambodia_2016,1140.0,8909071.0,68.977,15766293.0
Cambodia_2017,1230.0,9055041.0,69.289,16009414.0
Cambodia_2018,1380.0,9191221.0,69.57,16249798.0
South Korea_2015,28720.0,27525319.0,82.0243902439024,51014947.0
South Korea_2016,29330.0,27812568.0,82.2756097560976,51217803.0
South Korea_2017,30300.0,28111033.0,82.62682926829271,51361911.0
South Korea_2018,32610.0,28272711.0,82.62682926829271,51606633.0
Kuwait_2015,42530.0,2193690.0,75.13,3835591.0
Kuwait_2016,36880.0,2265966.0,75.22399999999999,3956875.0
Kuwait_2017,31660.0,2334771.0,75.311,4056099.0
Kuwait_2018,34290.0,2383249.0,75.398,4137312.0
Laos_2015,1970.0,3512358.0,66.546,6741164.0
Laos_2016,2120.0,3587963.0,66.92399999999999,6845846.0
Laos_2018,2450.0,3732339.0,67.61,7061507.0
Lebanon_2015,7280.0,2225580.0,78.768,6532678.0
Lebanon_2016,7230.0,2299119.0,78.8,6711121.0
Lebanon_2017,7470.0,2349593.0,78.833,6811873.0
Lebanon_2018,7720.0,2381501.0,78.875,6848925.0
Liberia_2015,630.0,1944762.0,62.269,4472230.0
Liberia_2016,620.0,2048924.0,62.802,4586788.0
Liberia_2017,620.0,2106396.0,63.295,4702228.0
Liberia_2018,610.0,2165501.0,63.73,4818977.0
Libya_2015,5690.0,2260872.0,72.12100000000001,6418315.0
Libya_2016,4550.0,2296579.0,72.311,6492164.0
Libya_2017,5410.0,2337299.0,72.52,6580724.0
Libya_2018,6800.0,2380602.0,72.72399999999999,6678567.0
Sri Lanka_2015,3760.0,8640692.0,76.316,20970000.0
Sri Lanka_2016,3810.0,8794294.0,76.482,21203000.0
Sri Lanka_2017,3870.0,8841823.0,76.648,21444000.0
Sri Lanka_2018,4040.0,8893806.0,76.812,21670000.0
Lesotho_2015,1340.0,927804.0,51.038000000000004,2059021.0
Lesotho_2017,1240.0,951051.0,52.946999999999996,2091412.0
Lesotho_2018,1280.0,962772.0,53.705,2108132.0
Lithuania_2015,15170.0,1470309.0,74.3219512195122,2904910.0
Lithuania_2016,14870.0,1482451.0,74.67073170731709,2868231.0
Lithuania_2017,15260.0,1468938.0,75.4804878048781,2828403.0
Lithuania_2018,17380.0,1472661.0,75.6804878048781,2801543.0
Luxembourg_2015,72470.0,282750.0,82.2926829268293,569604.0
Luxembourg_2016,68670.0,283597.0,82.68536585365851,582014.0
Luxembourg_2017,66430.0,293653.0,82.0951219512195,596336.0
Luxembourg_2018,70910.0,302721.0,82.2951219512195,607950.0
Latvia_2015,15010.0,1008394.0,74.4804878048781,1977527.0
Latvia_2016,14600.0,1006942.0,74.58048780487799,1959537.0
Latvia_2017,14720.0,1003688.0,74.62926829268291,1942248.0
Latvia_2018,16520.0,1000226.0,74.78292682926829,1927174.0
Morocco_2015,3020.0,11817891.0,75.726,34663603.0
Morocco_2016,2880.0,11780964.0,75.97399999999999,35126296.0
Morocco_2017,2880.0,11742989.0,76.218,35581294.0
Morocco_2018,3090.0,11918297.0,76.453,36029138.0
Moldova_2015,3300.0,1052791.0,71.47800000000001,2834530.0
Moldova_2016,3180.0,1009773.0,71.617,2802170.0
Moldova_2017,3330.0,982127.0,71.717,2755158.0
Moldova_2018,3930.0,988570.0,71.808,2706049.0
Madagascar_2015,490.0,12238090.0,65.539,24234088.0
Madagascar_2016,470.0,12620212.0,65.931,24894380.0
Madagascar_2017,470.0,13010466.0,66.311,25570540.0
Madagascar_2018,510.0,13409202.0,66.681,26262368.0
Mexico_2015,10170.0,53574700.0,74.904,121858258.0
Mexico_2016,9400.0,54396002.0,74.917,123333376.0
Mexico_2017,8930.0,55131907.0,74.947,124777324.0
Mexico_2018,9180.0,56253063.0,74.992,126190788.0
North Macedonia_2015,5110.0,960040.0,75.406,2079328.0
North Macedonia_2016,4980.0,952035.0,75.498,2080745.0
North Macedonia_2017,4920.0,957156.0,75.589,2081996.0
North Macedonia_2018,5470.0,959864.0,75.688,2082958.0
Mali_2015,800.0,6450183.0,57.50899999999999,17438778.0
Mali_2016,780.0,6651300.0,57.986999999999995,17965429.0
Mali_2017,770.0,6863272.0,58.452,18512394.0
Mali_2018,840.0,7086706.0,58.893,19077690.0
Malta_2015,24680.0,208231.0,81.89756097560979,445053.0
Malta_2016,23580.0,215515.0,82.45365853658541,455356.0
Malta_2017,23570.0,223557.0,82.34634146341459,467999.0
Malta_2018,26350.0,235579.0,82.44878048780491,484630.0
Myanmar_2015,1260.0,24925876.0,65.81,52680726.0
Myanmar_2016,1280.0,24611006.0,66.205,53045226.0
Myanmar_2017,1290.0,24283550.0,66.558,53382581.0
Myanmar_2018,1370.0,24470007.0,66.867,53708395.0
Montenegro_2015,7260.0,268047.0,76.452,622159.0
Montenegro_2016,7090.0,271005.0,76.568,622303.0
Montenegro_2017,7410.0,271367.0,76.667,622373.0
Montenegro_2018,8440.0,277016.0,76.77,622227.0
Mongolia_2015,3820.0,1287072.0,69.111,2998439.0
Mongolia_2016,3500.0,1278706.0,69.321,3056359.0
Mongolia_2017,3230.0,1306828.0,69.509,3113779.0
Mongolia_2018,3630.0,1319351.0,69.689,3170208.0
Mozambique_2015,640.0,11628554.0,57.206,27042002.0
Mozambique_2017,470.0,12371703.0,59.309,28649007.0
Mozambique_2018,460.0,12772428.0,60.163000000000004,29495962.0
Mauritania_2015,1640.0,1099054.0,63.93600000000001,4046301.0
Mauritania_2016,1510.0,1135240.0,64.208,4163534.0
Mauritania_2017,1500.0,1172264.0,64.464,4282574.0
Mauritania_2018,1580.0,1210148.0,64.704,4403319.0
Mauritius_2015,10700.0,603765.0,74.3531707317073,1262605.0
Mauritius_2016,10640.0,600981.0,74.3948780487805,1263473.0
Mauritius_2017,10980.0,608131.0,74.51463414634149,1264613.0
Mauritius_2018,12040.0,608753.0,74.4163414634146,1265303.0
Malawi_2015,350.0,7106401.0,61.953,16745303.0
Malawi_2016,340.0,7334170.0,62.681000000000004,17205289.0
Malawi_2017,340.0,7563865.0,63.278999999999996,17670260.0
Malawi_2018,350.0,7799084.0,63.798,18143315.0
Malaysia_2015,10680.0,14612026.0,75.461,30270962.0
Malaysia_2016,10150.0,14851647.0,75.649,30684804.0
Malaysia_2017,9940.0,15114465.0,75.828,31105028.0
Malaysia_2018,10590.0,15381536.0,75.997,31528585.0
Namibia_2016,4700.0,897022.0,62.625,2358041.0
Namibia_2017,4610.0,904494.0,63.021,2402603.0
Namibia_2018,4900.0,911498.0,63.373000000000005,2448255.0
Niger_2015,520.0,7225239.0,60.631,20001663.0
Niger_2016,500.0,7503949.0,61.137,20788838.0
Niger_2017,490.0,7799638.0,61.599,21602472.0
Niger_2018,540.0,8111179.0,62.023999999999994,22442948.0
Nigeria_2015,2880.0,54559255.0,53.111999999999995,181137448.0
Nigeria_2016,2470.0,55288066.0,53.541000000000004,185960289.0
Nigeria_2017,2100.0,56831352.0,53.95,190873311.0
Nigeria_2018,1970.0,58403811.0,54.332,195874740.0
Nicaragua_2015,1910.0,2832718.0,73.649,6223240.0
Nicaragua_2016,2000.0,2890622.0,73.86,6303974.0
Nicaragua_2017,2080.0,2947535.0,74.068,6384855.0
Nicaragua_2018,2020.0,2992406.0,74.275,6465513.0
Netherlands_2015,49810.0,9034853.0,81.509756097561,16939923.0
Netherlands_2016,46900.0,9051897.0,81.5609756097561,17030314.0
Netherlands_2017,47140.0,9111169.0,81.7609756097561,17131296.0
Netherlands_2018,51310.0,9227941.0,81.8121951219512,17231624.0
Norway_2015,93110.0,2762074.0,82.3048780487805,5188607.0
Norway_2016,81810.0,2769807.0,82.4073170731707,5234519.0
Norway_2017,76210.0,2762942.0,82.609756097561,5276968.0
Norway_2018,80640.0,2799958.0,82.7585365853659,5311916.0
Nepal_2015,780.0,14970822.0,69.515,27015031.0
Nepal_2016,770.0,15384208.0,69.848,27261131.0
Nepal_2017,860.0,15853018.0,70.169,27627124.0
Nepal_2018,970.0,16359487.0,70.47800000000001,28087871.0
New Zealand_2015,40560.0,2513183.0,81.45682926829271,4595700.0
New Zealand_2016,39390.0,2608432.0,81.6124390243903,4693200.0
New Zealand_2017,38170.0,2696341.0,81.65853658536591,4793900.0
New Zealand_2018,41100.0,2721966.0,81.85853658536591,4841000.0
Oman_2015,17790.0,2349315.0,76.887,4267348.0
Pakistan_2015,1360.0,67754731.0,66.577,199426964.0
Pakistan_2016,1420.0,69170840.0,66.77,203627284.0
Pakistan_2017,1500.0,70602092.0,66.947,207896686.0
Pakistan_2018,1590.0,72040845.0,67.11399999999999,212215030.0
Panama_2015,12200.0,1858187.0,77.77600000000001,3968487.0
Panama_2016,12780.0,1910880.0,77.964,4037078.0
Panama_2017,13750.0,1937154.0,78.149,4106771.0
Panama_2018,14420.0,2029802.0,78.329,4176873.0
Peru_2015,6340.0,16583446.0,75.792,30470734.0
Peru_2016,6110.0,16965614.0,76.044,30926032.0
Peru_2017,6060.0,17810899.0,76.286,31444297.0
Peru_2018,6470.0,18346713.0,76.516,31989256.0
Philippines_2015,3380.0,43017635.0,70.64399999999999,102113212.0
Philippines_2016,3450.0,43863054.0,70.80199999999999,103663927.0
Philippines_2017,3530.0,43007823.0,70.952,105173264.0
Philippines_2018,3710.0,43864623.0,71.095,106651922.0
Poland_2015,13350.0,18315532.0,77.4512195121951,37986412.0
Poland_2016,12680.0,18376997.0,77.85121951219509,37970087.0
Poland_2017,12740.0,18443681.0,77.7536585365854,37974826.0
Poland_2018,14150.0,18391322.0,77.60243902439029,37974750.0
Puerto Rico_2016,19710.0,1134198.0,79.4949756097561,3406672.0
Portugal_2015,20440.0,5216392.0,81.1243902439025,10358076.0
Portugal_2016,19930.0,5203775.0,81.1243902439025,10325452.0
Portugal_2017,20050.0,5248650.0,81.42439024390251,10300300.0
Portugal_2018,21990.0,5267545.0,81.3243902439024,10283822.0
Paraguay_2015,5620.0,3240419.0,73.66199999999999,6688746.0
Paraguay_2016,5390.0,3338124.0,73.836,6777872.0
Paraguay_2017,5390.0,3406346.0,73.992,6867062.0
Paraguay_2018,5620.0,3534912.0,74.131,6956071.0
Palestinian Territories_2015,3380.0,1120554.0,73.442,4270092.0
Palestinian Territories_2016,3460.0,1150479.0,73.589,4367088.0
Palestinian Territories_2017,3520.0,1190006.0,73.74,4454805.0
Palestinian Territories_2018,3710.0,1214123.0,73.895,4569087.0
Qatar_2015,72690.0,1952246.0,79.758,2565710.0
Qatar_2016,64010.0,2004463.0,79.868,2654374.0
Qatar_2017,58610.0,2046136.0,79.98100000000001,2724724.0
Qatar_2018,61150.0,2085366.0,80.1,2781677.0
Romania_2015,9650.0,9114728.0,74.9121951219512,19815616.0
Romania_2016,9650.0,8952240.0,75.209756097561,19702267.0
Romania_2017,10110.0,9108470.0,75.30975609756099,19587290.0
Romania_2018,11430.0,9054882.0,75.35853658536591,19472545.0
Russia_2015,11780.0,75015705.0,71.1834146341463,144096870.0
Russia_2016,9730.0,74939907.0,71.6512195121951,144342396.0
Russia_2017,9210.0,74184005.0,72.4319512195122,144496740.0
Russia_2018,10250.0,73825998.0,72.6573170731707,144477860.0
Rwanda_2015,750.0,5668191.0,67.45,11369071.0
Rwanda_2016,750.0,5837087.0,67.93,11668818.0
Rwanda_2017,740.0,6007191.0,68.34100000000001,11980937.0
Rwanda_2018,780.0,6178259.0,68.7,12301939.0
Saudi Arabia_2015,23710.0,13185854.0,74.65100000000001,31717667.0
Saudi Arabia_2016,21610.0,13607874.0,74.76100000000001,32442572.0
Saudi Arabia_2017,19990.0,13839522.0,74.874,33099147.0
Saudi Arabia_2018,21600.0,14019589.0,74.998,33699947.0
Sudan_2015,1690.0,11069998.0,64.429,38902950.0
Sudan_2016,1570.0,11378646.0,64.663,39847440.0
Sudan_2017,1320.0,11701253.0,64.881,40813396.0
Sudan_2018,840.0,12055376.0,65.095,41801533.0
Senegal_2015,1320.0,3763014.0,66.747,14578459.0
Senegal_2016,1270.0,3877928.0,67.078,14993528.0
Senegal_2017,1280.0,3997403.0,67.38,15419381.0
Senegal_2018,1400.0,4122004.0,67.665,15854360.0
Singapore_2015,53160.0,3451949.0,82.74390243902441,5535002.0
Singapore_2016,53020.0,3496292.0,82.84634146341459,5607283.0
Singapore_2017,54320.0,3497085.0,83.0951219512195,5612253.0
Singapore_2018,57900.0,3493801.0,83.14634146341459,5638676.0
Sierra Leone_2015,550.0,2423877.0,52.941,7171914.0
Sierra Leone_2016,490.0,2484881.0,53.443999999999996,7328838.0
Sierra Leone_2017,520.0,2548635.0,53.895,7488431.0
Sierra Leone_2018,490.0,2614289.0,54.309,7650154.0
El Salvador_2015,3440.0,2665700.0,72.41199999999999,6325124.0
El Salvador_2016,3510.0,2729547.0,72.64399999999999,6356143.0
El Salvador_2017,3600.0,2743560.0,72.872,6388122.0
El Salvador_2018,3820.0,2757089.0,73.096,6420744.0
Serbia_2015,5960.0,3096714.0,75.2878048780488,7095383.0
Serbia_2016,5690.0,3191611.0,75.6878048780488,7058322.0
Serbia_2017,5550.0,3219215.0,75.5390243902439,7020858.0
Serbia_2018,6400.0,3241884.0,75.890243902439,6982604.0
Suriname_2015,8690.0,207998.0,71.249,559143.0
Suriname_2016,6590.0,209869.0,71.358,564888.0
Slovakia_2015,17670.0,2739915.0,76.5634146341463,5423801.0
Slovakia_2016,16790.0,2763870.0,77.16585365853659,5430798.0
Slovakia_2017,16580.0,2762020.0,77.16585365853659,5439232.0
Slovakia_2018,18330.0,2754200.0,77.2658536585366,5446771.0
Slovenia_2015,22250.0,1010900.0,80.7756097560976,2063531.0
Slovenia_2016,21750.0,998363.0,81.1756097560976,2065042.0
Slovenia_2017,22110.0,1029116.0,81.0292682926829,2066388.0
Slovenia_2018,24530.0,1037571.0,81.37804878048779,2073894.0
Sweden_2015,58250.0,5186060.0,82.2048780487805,9799186.0
Sweden_2016,54370.0,5250661.0,82.3073170731707,9923085.0
Sweden_2017,52970.0,5336002.0,82.409756097561,10057698.0
Sweden_2018,55620.0,5411383.0,82.5585365853659,10175214.0
Swaziland_2015,4000.0,345515.0,55.358999999999995,1104044.0
Chad_2015,880.0,5221720.0,53.137,14110975.0
Chad_2016,730.0,5408037.0,53.438,14561666.0
Chad_2017,640.0,5597518.0,53.711999999999996,15016773.0
Chad_2018,680.0,5788876.0,53.977,15477751.0
Togo_2015,640.0,3315730.0,59.927,7323158.0
Togo_2016,610.0,3407416.0,60.22,7509952.0
Togo_2017,600.0,3501093.0,60.489,7698475.0
Togo_2018,660.0,3596555.0,60.76,7889094.0
Thailand_2015,5710.0,38916820.0,76.09100000000001,68714511.0
Thailand_2016,5700.0,38662091.0,76.403,68971331.0
Thailand_2017,5960.0,38490554.0,76.683,69209858.0
Thailand_2018,6600.0,38907795.0,76.931,69428524.0
Tajikistan_2015,1250.0,2286008.0,70.137,8454028.0
Tajikistan_2016,1100.0,2317977.0,70.39699999999999,8663579.0
Tajikistan_2017,1010.0,2365515.0,70.64699999999999,8880268.0
Tajikistan_2018,1000.0,2412933.0,70.87899999999999,9100837.0
Turkmenistan_2015,7030.0,2500114.0,67.704,5565287.0
Turkmenistan_2016,6820.0,2532460.0,67.835,5662372.0
Turkmenistan_2017,6380.0,2571947.0,67.956,5757669.0
Turkmenistan_2018,6740.0,2614576.0,68.07300000000001,5850908.0
Trinidad and Tobago_2015,19130.0,671319.0,72.941,1370328.0
Trinidad and Tobago_2016,16720.0,668436.0,73.1,1377564.0
Trinidad and Tobago_2017,15950.0,667691.0,73.245,1384072.0
Trinidad and Tobago_2018,16020.0,667593.0,73.38,1389858.0
Tunisia_2015,3960.0,3993436.0,75.922,11179949.0
Tunisia_2016,3750.0,4012596.0,76.115,11303946.0
Tunisia_2017,3520.0,4036987.0,76.31,11433443.0
Tunisia_2018,3500.0,4061682.0,76.505,11565204.0
Turkey_2015,11960.0,29780340.0,76.532,78529409.0
Turkey_2016,11180.0,30831360.0,76.86,79821724.0
Turkey_2017,10900.0,31954592.0,77.161,81101892.0
Turkey_2018,10420.0,32826049.0,77.437,82319724.0
Tanzania_2015,980.0,23877145.0,63.111000000000004,51482633.0
Tanzania_2016,970.0,24659135.0,63.843999999999994,53050790.0
Tanzania_2017,970.0,25467538.0,64.479,54663906.0
Tanzania_2018,1020.0,26304005.0,65.015,56318348.0
Uganda_2015,830.0,14078249.0,61.373000000000005,38225453.0
Uganda_2016,790.0,14657926.0,61.986000000000004,39647506.0
Uganda_2017,740.0,15285775.0,62.516000000000005,41162465.0
Uganda_2018,750.0,15935453.0,62.973,42723139.0
Ukraine_2015,2700.0,20945249.0,71.189512195122,45154036.0
Ukraine_2016,2370.0,20755122.0,71.4763414634146,45004674.0
Ukraine_2017,2380.0,20610189.0,71.7809756097561,44831135.0
Ukraine_2018,2800.0,20432109.0,71.5826829268293,44622518.0
Uruguay_2015,15640.0,1749234.0,77.369,3412009.0
Uruguay_2016,14980.0,1750871.0,77.498,3424132.0
Uruguay_2017,15150.0,1748271.0,77.632,3436646.0
Uruguay_2018,15910.0,1749881.0,77.77,3449299.0
United States_2015,56740.0,160596354.0,78.69024390243901,320635163.0
United States_2016,57180.0,162547573.0,78.5390243902439,322941311.0
United States_2017,59060.0,164268059.0,78.5390243902439,324985539.0
United States_2018,63200.0,165483017.0,78.5390243902439,326687501.0
Uzbekistan_2015,2600.0,14502140.0,70.928,31298900.0
Uzbekistan_2016,2660.0,14786980.0,71.171,31847900.0
Uzbekistan_2017,2350.0,15042030.0,71.388,32388600.0
Uzbekistan_2018,2020.0,15289417.0,71.57300000000001,32956100.0
Vietnam_2015,1970.0,55760129.0,75.11,92677076.0
Vietnam_2016,2080.0,55991171.0,75.172,93638724.0
Vietnam_2017,2120.0,56565992.0,75.241,94596642.0
Vietnam_2018,2360.0,56915235.0,75.317,95540395.0
Yemen_2015,1150.0,5845660.0,66.085,26497889.0
Yemen_2016,1070.0,6080279.0,66.087,27168210.0
Yemen_2017,970.0,6312623.0,66.086,27834821.0
Yemen_2018,940.0,6545429.0,66.096,28498687.0
South Africa_2015,6050.0,21690077.0,62.648999999999994,55386367.0
South Africa_2016,5470.0,22092829.0,63.153,56203654.0
South Africa_2017,5410.0,22696993.0,63.538000000000004,57000451.0
South Africa_2018,5750.0,22947458.0,63.857,57779622.0
Zambia_2015,1580.0,6423437.0,61.736999999999995,15879361.0
Zambia_2016,1370.0,6650519.0,62.464,16363507.0
Zambia_2017,1300.0,6888188.0,63.043,16853688.0
Zambia_2018,1460.0,7134980.0,63.51,17351822.0
Zimbabwe_2015,1280.0,6587744.0,59.534,13814629.0
Zimbabwe_2016,1290.0,6686030.0,60.294,14030390.0
Zimbabwe_2017,1360.0,6792647.0,60.812,14236745.0
Zimbabwe_2018,1530.0,6907202.0,61.195,14439018.0
